farm_id,lat,lon,축종,방법
1_대규농장,35.95447095427966,127.08665243310377,돼지,vworld_parcel[A]
2_희망농장,35.93522930349084,127.08764513324303,돼지,vworld_parcel[A]
3_수덕농장,36.09357337658337,127.00786257279762,한우,vworld_parcel[A]
4_상원농장,36.06896898877235,126.9266496095862,한우,vworld_parcel[A]
5_용산농장,36.04265487510751,126.89849955095661,한우,vworld_parcel[A]
6_다은농장,36.03945052657299,126.90802439498312,한우,vworld_parcel[A]
7_중원농장,36.04199430856103,126.9014606701287,한우,vworld_parcel[A]
8_번영농장,36.053313714339225,126.91874003649633,육계,vworld_parcel[A]
9_샤르망승마장,36.03119990968993,126.89521429154104,한우,vworld_parcel[A]
10_수양1 농장,36.05255090245219,126.92480369469806,한우,vworld_parcel[A]
11_수양2 농장,36.05910136489314,126.90624940365419,한우,vworld_parcel[A]
12_두리농장,36.068959872405195,126.98758338320302,돼지,vworld_parcel[A]
13_신등목장,36.0248547786024,126.90012648408387,한우,vworld_parcel[A]
14_대지농산,36.055407963950564,127.06323567090115,한우,vworld_parcel[A]
15_방교한우목장,36.002213829038254,126.9365216256697,한우,vworld_parcel[A]
16_중희농장,36.0829510187372,126.93126843703799,한우,vworld_parcel[A]
17_선일농장,36.03454477948864,127.00292968351067,돼지,vworld_parcel[A]
18_서광목장(제1목장),36.07525059073126,126.94407909845992,한우,vworld_parcel[A]
19_다우한우농장,36.101054343678065,127.02615674495607,한우,vworld_parcel[A]
20_부영농원,36.08017912134369,127.04272629463144,한우,vworld_parcel[A]
21_할렐루야 농장,36.0995894647199,127.05075247201475,한우,vworld_parcel[A]
22_OK 농장,36.10068238252016,127.04978494078617,한우,vworld_parcel[A]
23_사단법인 한국육계협회 익산지부,36.11235555044206,126.99045095943627,육계,vworld_parcel[A]
24_현민농장,36.06332817389322,127.04568258908922,한우,vworld_parcel[A]
25_전진농장,36.06102275382273,127.04718000997929,한우,vworld_parcel[A]
26_백상농장,36.0972668731345,127.0062514677563,육계,vworld_parcel[A]
27_신화농장,36.09289011451675,127.01363577122892,육계,vworld_parcel[A]
28_화원농장,36.02024226365951,127.00414108081972,돼지,vworld_parcel[A]
29_드림농장,36.04714958612257,127.11153602883564,육계,vworld_parcel[A]
30_뿌리목장,36.10591008406317,127.0406762681891,육우,vworld_parcel[A]
31_오성농장,35.97319633794564,126.90699920108935,한우,vworld_parcel[A]
32_신기농장,36.08094248533311,126.93269963472483,한우,vworld_parcel[A]
33_마우농장,36.07857430061476,126.98023868324897,한우,vworld_parcel[A]
34_구자 오산 2농장,36.04484284676552,126.92958683747284,한우,vworld_parcel[A]
35_태광농장,36.0581851814929,126.95292357600687,한우,vworld_parcel[A]
36_신성목장,36.0383800044597,126.9309448934855,한우,vworld_parcel[A]
37_오천농장,35.934456829141574,127.0291742593675,한우,vworld_parcel[A]
38_일신농장,36.108733504886146,127.02600718113709,한우,vworld_parcel[A]
39_다송농장,36.03972340590171,126.95118190597638,한우,vworld_parcel[A]
40_남당농장,36.0722047676003,126.97493607021667,한우,vworld_parcel[A]
41_고O숙농장,36.05548749059039,126.96963920916627,한우,vworld_parcel[A]
42_근노농장,36.092229995008026,126.93661678391803,한우,vworld_parcel[A]
43_나눔농장,36.04103442963962,126.92368652157998,돼지,vworld_parcel[A]
44_구자 오산1농장,36.04484284676552,126.92958683747284,돼지,vworld_parcel[A]
45_전O자농장,36.05548749059039,126.96963920916627,한우,vworld_parcel[A]
46_씨알농장,36.03362944972345,126.94389216833669,돼지,vworld_parcel[A]
47_무곡농장,36.13687150598483,127.01630770748805,돼지,vworld_parcel[A]
48_심O보농장,36.05428851504044,126.95466909328694,한우,vworld_parcel[A]
49_드림농장,36.048033642482935,127.11311525664883,육계,vworld_parcel[A]
51_희망목장,36.03896074928316,126.9324390528671,한우,vworld_parcel[A]
52_성광 2농장,36.061214370608496,126.93482932715919,한우,vworld_parcel[A]
53_죽촌 양계장,36.018375856976476,126.9416536644406,육계,vworld_parcel[A]
54_김O근 농장,35.95678971407812,127.08818495142879,돼지,vworld_parcel[A]
55_김O묵 농장,36.06178642396287,126.93582430475134,돼지,vworld_parcel[A]
56_심O집농장,36.07555537558663,126.98340754331653,한우,vworld_parcel[A]
57_참샘 농장,35.95003077568316,127.03769692347399,육계,vworld_parcel[A]
58_지종농장,36.11447751692399,126.90155708352816,한우,vworld_parcel[A]
59_금우농장,35.949028214804734,127.07136903111683,돼지,vworld_parcel[A]
60_최O순농장,36.079960434746425,126.92865805082945,한우,vworld_parcel[A]
61_맹산리 농장,36.1084670280077,126.88794090806863,한우,vworld_parcel[A]
62_박O동 농장,36.05191396445822,127.00948282145035,육계,vworld_parcel[A]
63_박O동농장,35.93653805644307,127.05368718290805,한우,vworld_parcel[A]
64_박O필농장,36.09183355861951,126.8963636892563,한우,vworld_parcel[A]
65_강변농장,36.0459598398464,127.01170829407329,한우,vworld_parcel[A]
66_류O선농장,36.05820933181892,127.00315309941158,한우,vworld_parcel[A]
67_다해농장,36.07657234785033,127.03585818620569,한우,vworld_parcel[A]
68_호환 농장,36.04294650201933,126.95970791070671,돼지,vworld_parcel[A]
69_김O중농장,36.076108007964535,126.9040334204139,한우,vworld_parcel[A]
70_윤O영농장,35.945208686973075,127.07543086584201,한우,vworld_parcel[A]
71_흙과삶농장,36.13118376858127,126.8950987548039,한우,vworld_parcel[A]
72_임O재농장,36.05219650300907,126.87340706204122,한우,vworld_parcel[A]
73_김O옥농장,36.09534543435271,127.02611996543547,한우,vworld_parcel[A]
74_하늘소농장,36.116868071029444,126.90198309344109,한우,vworld_parcel[A]
75_도대농장,36.10862435801217,126.89998744869243,한우,vworld_parcel[A]
76_용기농장,36.07689442598226,127.07008267796911,한우,vworld_parcel[A]
77_최O철농장,36.105153932679116,127.02961162113813,한우,vworld_parcel[A]
78_남산농장,36.046266136280806,127.08077558594275,한우,vworld_parcel[A]
79_연옥농장,36.13135288069969,126.9099876497913,한우,vworld_parcel[A]
80_김O중농장,36.059491628469786,126.9539826869106,한우,vworld_parcel[A]
81_인정목장,36.05620132586764,126.95764970588323,육우,vworld_parcel[A]
82_한얼팜스2,36.04483073887286,126.97624971934842,돼지,vworld_parcel[A]
83_진규농장,36.04483073887286,126.97624971934842,돼지,vworld_parcel[A]
84_금실(Farm)제2농장,36.04685051470686,126.97392167274137,돼지,vworld_parcel[A]
85_정민농장,36.04685051470686,126.97392167274137,돼지,vworld_parcel[A]
86_세안농장,36.04685051470686,126.97392167274137,돼지,vworld_parcel[A]
87_덕진농장,36.04685051470686,126.97392167274137,돼지,vworld_parcel[A]
88_순남농장,36.04483073887286,126.97624971934842,돼지,vworld_parcel[A]
89_순자농장,36.04685051470686,126.97392167274137,돼지,vworld_parcel[A]
90_세안농장,36.045618796139834,126.97540432438436,돼지,vworld_parcel[A]
91_두준농장,36.044550181173705,126.97608358717171,돼지,vworld_parcel[A]
92_한열농장,36.04717264369919,126.9800975406511,돼지,vworld_parcel[A]
93_농업회사법인 함박농장 주식회사,36.142167984839645,127.01658487635046,돼지,vworld_parcel[A]
94_덕진 농장,36.04515883050986,126.973921765701,돼지,vworld_parcel[A]
95_한얼팜스,36.04515883050986,126.973921765701,돼지,vworld_parcel[A]
96_삼권농장,36.04685051470686,126.97392167274137,돼지,vworld_parcel[A]
97_덕진농장,36.04463959685405,126.9744228098283,돼지,vworld_parcel[A]
98_상일농장,36.04483073887286,126.97624971934842,돼지,vworld_parcel[A]
99_흥일농장,35.99455552245913,127.03181139667916,돼지,vworld_parcel[A]
101_한얼팜스,36.04662465849681,126.97761906993566,돼지,vworld_parcel[A]
102_금실(Farm)제1농장,36.04483073887286,126.97624971934842,돼지,vworld_parcel[A]
103_홍O규농장,36.12535906061649,126.96407800612167,한우,vworld_parcel[A]
104_청솔목장,36.111246906844016,126.94352070290047,한우,vworld_parcel[A]
105_세안농장,36.04685051470686,126.97392167274137,돼지,vworld_parcel[A]
106_2농장,36.04483073887286,126.97624971934842,돼지,vworld_parcel[A]
107_한얼팜스,36.04717264369919,126.9800975406511,돼지,vworld_parcel[A]
108_현농장,35.95579644628219,127.08292468062601,한우,vworld_parcel[A]
109_참새 고을농장,36.07935588124877,126.92650926346965,육계,vworld_parcel[A]
110_유O현 농장,36.0887911371401,126.93325967392755,젖소,vworld_parcel[A]
111_하O석 농장,36.12999468889214,126.91787858510209,한우,vworld_parcel[A]
112_윤O하 농장,36.08336961058609,126.93122467566161,한우,vworld_parcel[A]
113_두동 한우 농장,36.108286627135655,126.92128179795439,한우,vworld_parcel[A]
114_조O만 농장,36.11752049641906,126.92217179372886,한우,vworld_parcel[A]
115_홍O만농장,35.992232436515295,127.04694642018279,한우,vworld_parcel[A]
116_김O규농장,35.99316549933041,127.03320519166664,한우,vworld_parcel[A]
117_소O창농장,35.9925029456207,127.06147570818847,한우,vworld_parcel[A]
118_황O선 농장,36.07115996919161,126.94149851848385,육계,vworld_parcel[A]
119_진성농장,36.08211751801613,126.94163474453003,육계,vworld_parcel[A]
120_김O묵 농장,36.06153592626417,126.9367125146945,돼지,vworld_parcel[A]
121_대성 농장,36.06247547515161,126.93260776154752,돼지,vworld_parcel[A]
122_금오농장,35.93180760536704,127.06767847561366,돼지,vworld_parcel[A]
123_금오농장,35.93275049974261,127.07135159285139,돼지,vworld_parcel[A]
124_소박농장,35.949028214804734,127.07136903111683,한우,vworld_parcel[A]
125_모질메농장,35.978909049830335,127.05639408152187,한우,vworld_parcel[A]
126_솔우농원,35.94677042286895,127.06886371758782,한우,vworld_parcel[A]
127_왕궁한우축산,35.95655175570369,127.06410212394553,한우,vworld_parcel[A]
128_게바 1농장,35.96660704953652,126.97134817349809,한우,vworld_parcel[A]
129_재우농장,36.028987353939655,126.94119681630656,한우,vworld_parcel[A]
130_신기목장,35.99670686437307,126.93650466056891,한우,vworld_parcel[A]
131_삼기농장,36.02977980946692,127.00133728398116,한우,vworld_parcel[A]
132_푸른축산,36.02970791742362,126.9783299333642,한우,vworld_parcel[A]
133_백천농장,35.96931466551884,127.0558026988455,한우,vworld_parcel[A]
134_금오농장,35.93180760536704,127.06767847561366,돼지,vworld_parcel[A]
135_정O래농장,35.94068970817254,127.07942317256115,한우,vworld_parcel[A]
136_순영농장,35.943328673611305,127.07413202944969,한우,vworld_parcel[A]
137_이수목장,35.945208686973075,127.07543086584201,한우,vworld_parcel[A]
138_어울진농장,35.95563837504653,127.03974627368802,돼지,vworld_parcel[A]
139_영진농장,36.0347075806926,126.92966355018407,돼지,vworld_parcel[A]
140_전O권 농장,36.05652010531912,126.93637839874714,돼지,vworld_parcel[A]
141_재우스 농장,35.95261618879431,127.0365646725476,돼지,vworld_parcel[A]
142_세은 2농장,36.0628172862297,126.93727144153107,돼지,vworld_parcel[A]
143_세은 1농장,36.06334593946656,126.93609660343847,돼지,vworld_parcel[A]
144_마한농장,35.94764861116126,127.08954329984151,돼지,vworld_parcel[A]
145_다니엘 농장,35.94471762765514,127.02001399099782,돼지,vworld_parcel[A]
146_삼부 농장,35.9384251295302,127.02648082243721,돼지,vworld_parcel[A]
147_이레농장,35.99521076850098,126.99805007670057,육계,vworld_parcel[A]
148_김O기농장,36.05310853179826,127.01757409210416,종계/산란계,vworld_parcel[A]
149_구봉농장,35.94564323499631,127.07771182303401,돼지,vworld_parcel[A]
150_임마누엘팜,36.086355604397056,127.03725916123594,돼지,vworld_parcel[A]
151_길농장,36.06093060268442,127.05392809578812,육계,vworld_parcel[A]
152_서O옥 농장,36.058748950820956,127.01132140592745,육계,vworld_parcel[A]
153_상단농장,36.0564223765886,127.01124937382234,육계,vworld_parcel[A]
154_나나목장,36.088018069665935,127.02764409844801,젖소,vworld_parcel[A]
155_이반농장2,36.05369124634662,127.05169427015518,한우,vworld_parcel[A]
156_금오(이O구)농장,35.930268785206344,127.07114953342298,돼지,vworld_parcel[A]
157_금오(장O희)농장,35.92876889641238,127.06501173632802,돼지,vworld_parcel[A]
158_현대농장,35.92876889641238,127.06501173632802,돼지,vworld_parcel[A]
159_금오(이O)농장,35.930268785206344,127.07114953342298,돼지,vworld_parcel[A]
160_최O섭농장,35.93749959387466,127.07310365075162,한우,vworld_parcel[A]
161_둥지목장,35.93605360729165,127.05541600693782,한우,vworld_parcel[A]
162_형제목장,35.950819848674385,127.08168173723122,젖소,vworld_parcel[A]
163_윤O규농장,35.94428207781333,127.0803692788993,한우,vworld_parcel[A]
164_샛터농장,35.95202408458564,127.05789379722773,젖소,vworld_parcel[A]
165_청송농장,36.032890444824645,126.93542564330431,한우,vworld_parcel[A]
166_한O리농장,36.07732567710907,126.97937421033424,한우,vworld_parcel[A]
167_오O택농장,36.07954904604215,127.02489113881231,육우,vworld_parcel[A]
168_윤O상농장,36.06185587112057,127.00027958579588,한우,vworld_parcel[A]
169_북성농장,36.080741463284824,127.03504107050111,한우,vworld_parcel[A]
170_낭산농장,36.055724452127365,127.030103845707,한우,vworld_parcel[A]
171_신리축산,36.03990427291855,127.01742633438283,한우,vworld_parcel[A]
172_그린목장,36.01502549900168,126.95608370775824,한우,vworld_parcel[A]
173_백O달농장,35.939337159976354,127.07095377177671,한우,vworld_parcel[A]
174_학호(정O순)농장,35.92481615809503,127.07417722193141,돼지,vworld_parcel[A]
175_학호(임O득)농장,35.9239522795877,127.07285029487562,돼지,vworld_parcel[A]
176_학호(김O열)농장,35.9239522795877,127.07285029487562,돼지,vworld_parcel[A]
177_학호(칠성)농장,35.9239522795877,127.07285029487562,돼지,vworld_parcel[A]
178_학호(김O길)농장,35.92787463406393,127.07039406571633,돼지,vworld_parcel[A]
179_학호(권O수)농장,35.925953722231185,127.0736070139257,돼지,vworld_parcel[A]
180_명성농장,35.929084805257745,127.07421844502045,돼지,vworld_parcel[A]
181_TY FARM,35.9492055873297,127.08051968809679,돼지,vworld_parcel[A]
182_희망찬농장,36.082754704306254,127.0159738544456,육계,vworld_parcel[A]
183_삼계(정O희)농장,36.04965054429624,126.96956790782,육계,vworld_parcel[A]
184_이O택 농장,36.047780716682524,126.96272158759818,육계,vworld_parcel[A]
185_두라농장,36.06354379158196,126.95626534774536,육계,vworld_parcel[A]
186_상지원(일남)농장,36.04717264369919,126.9800975406511,돼지,vworld_parcel[A]
187_상지원(남O순)농장,36.05636443609875,126.98242997286522,돼지,vworld_parcel[A]
188_삼익농장,36.05903499440271,127.00698698900166,육계,vworld_parcel[A]
189_사거리 농장,36.077561333096966,127.02753558130384,육계,vworld_parcel[A]
190_호암 농장,36.068192443524964,127.01553436272135,육계,vworld_parcel[A]
191_샛별농장,36.034905326162246,126.93505713147988,육계,vworld_parcel[A]
192_김O 농장,36.061388197818076,126.99959013517446,육계,vworld_parcel[A]
193_이O자 농장,36.05220085226878,127.01220919955696,육계,vworld_parcel[A]
194_람원 농장,35.95176705409864,127.0808442358513,돼지,vworld_parcel[A]
195_학호(강O천)농장,35.929084805257745,127.07421844502045,돼지,vworld_parcel[A]
196_윤O천 농장,35.93966713190469,127.0831512825439,돼지,vworld_parcel[A]
197_금강농장,36.05721116013049,127.07718845299493,한우,vworld_parcel[A]
198_익산농장,35.93080036747272,127.08209854137831,돼지,vworld_parcel[A]
199_왕궁농장,35.97560258405724,127.10407996958656,육계,vworld_parcel[A]
200_금강농장,36.05474501038172,127.07543495098406,한우,vworld_parcel[A]
201_남당자연농원,36.0722047676003,126.97493607021667,한우,vworld_parcel[A]
202_문기 농장,36.046720136201166,127.06795297224778,육계,vworld_parcel[A]
203_대기 농장,36.05060405153229,127.06373459465564,육계,vworld_parcel[A]
204_신함농장,36.01820500148826,126.89113402366254,한우,vworld_parcel[A]
205_종소리목장,36.015674938900915,126.89658513097595,한우,vworld_parcel[A]
206_금성농장,36.06869772985203,126.9289256055342,한우,vworld_parcel[A]
207_정O태농장,36.04481104714643,126.91577880507899,한우,vworld_parcel[A]
208_갈마 농장,36.05538596127694,126.91631380670577,육계,vworld_parcel[A]
209_손O기목장,36.04199430856103,126.9014606701287,한우,vworld_parcel[A]
210_별탱목장,36.050981893993715,126.92033442664848,한우,vworld_parcel[A]
211_대박농장,36.040865248601676,126.8960116486649,한우,vworld_parcel[A]
212_이O태농장,36.043837420021305,127.10656207538696,한우,vworld_parcel[A]
213_현대농장,36.07510016504114,127.07565052409666,한우,vworld_parcel[A]
214_벧엘목장,36.027001213560986,126.89853921599412,한우,vworld_parcel[A]
215_한마음목장,36.0392964157675,126.89560962350393,젖소,vworld_parcel[A]
216_김O수농장,36.03951901917248,126.89534016360662,젖소,vworld_parcel[A]
217_익산 농장,35.93311302827867,127.08815083342486,한우,vworld_parcel[A]
218_금성축산영농조합법인,36.06285197930646,127.00531452242168,육계,vworld_parcel[A]
219_평화농장,36.070810973390145,126.91702101478226,육계,vworld_parcel[A]
220_신촌 농장,35.93429963666481,127.09195688634449,돼지,vworld_parcel[A]
221_신촌 농장,35.93522930349084,127.08764513324303,돼지,vworld_parcel[A]
222_마한농장,35.935725852387236,127.09085153767774,돼지,vworld_parcel[A]
223_신촌 농장,35.93518926826927,127.0877949315921,돼지,vworld_parcel[A]
224_미래농장,36.10346829137218,127.00799314483038,종계/산란계,vworld_parcel[A]
225_명승양계농장,36.06264377843747,126.96789031174079,종계/산란계,vworld_parcel[A]
226_무항농장,36.118652292164434,127.01010729588992,육계,vworld_parcel[A]
227_화배농장,36.08699932607346,127.0124490677982,육계,vworld_parcel[A]
228_대성농장,36.112017527392354,126.98441901241333,돼지,vworld_parcel[A]
229_인정목장,36.035161842786145,126.89077299987426,젖소,vworld_parcel[A]
231_김O덕농장,36.10567810063434,127.0265208532629,한우,vworld_parcel[A]
232_버들농장,36.08259557687194,126.9922759035152,한우,vworld_parcel[A]
233_김O제농장,36.10438404013764,127.01855069180147,한우,vworld_parcel[A]
234_기린농장,36.104295729826234,127.02927335598211,한우,vworld_parcel[A]
235_최O락농장,36.09659055926396,126.96008947524308,한우,vworld_parcel[A]
236_홍O구농장,36.12997974481338,126.93934479071305,한우,vworld_parcel[A]
237_남O우농장,36.037339866321915,126.93345286425213,한우,vworld_parcel[A]
238_양O규농장,36.13093520856227,126.93828457011315,한우,vworld_parcel[A]
239_남O기농장,36.13537708588888,126.94128953842284,젖소,vworld_parcel[A]
240_김O중농장,36.11323896779008,126.94360248261955,한우,vworld_parcel[A]
241_서O호농장,36.136901501485646,126.9425576278968,한우,vworld_parcel[A]
242_이O열 농장,36.11717451623484,126.95184466719698,육계,vworld_parcel[A]
243_어남농장,36.10851849772537,127.0279658332849,돼지,vworld_parcel[A]
244_철탑 농장,36.049439959984284,126.92556564443346,육계,vworld_parcel[A]
245_구자농장,36.04783025840247,126.9297553382213,육계,vworld_parcel[A]
246_노O구 농장,36.028987353939655,126.94119681630656,한우,vworld_parcel[A]
247_함열 농장,36.064596294827574,126.98294868229564,육계,vworld_parcel[A]
248_용안 농장,36.11531363873951,126.94419794166922,돼지,vworld_parcel[A]
249_익산 농장,35.931641005712336,127.08013648229436,돼지,vworld_parcel[A]
250_익산 농장,35.937848981069806,127.088322170249,돼지,vworld_parcel[A]
251_아진목장,36.110015105429795,127.0157346018279,젖소,vworld_parcel[A]
252_호산목장,36.04516500051798,127.10684399065153,한우,vworld_parcel[A]
253_정O환농장,36.04246441206844,127.02308078153749,한우,vworld_parcel[A]
254_진소농장,36.084596859676466,126.89717015199336,한우,vworld_parcel[A]
255_이O청농장,36.13026770335534,126.90991026431247,한우,vworld_parcel[A]
256_박O묵농장,36.09584158090479,126.8868947816,한우,vworld_parcel[A]
257_박O안농장,36.11385430331238,126.95059392565366,한우,vworld_parcel[A]
258_조O규농장,36.11857032459456,126.90047988746726,한우,vworld_parcel[A]
259_국O오농장,35.98579877068839,126.98552921732264,한우,vworld_parcel[A]
260_한O기농장,36.11716324125494,126.90787855299162,한우,vworld_parcel[A]
261_대붕농장,36.13299875493571,126.90958003235181,한우,vworld_parcel[A]
262_한제목장,36.10579964276296,126.90438985315066,젖소,vworld_parcel[A]
263_발산 농장,36.09674494397696,127.03894705950097,육계,vworld_parcel[A]
264_이레농장,36.04662465849681,126.97761906993566,돼지,vworld_parcel[A]
265_신촌 농장,35.93432037575578,127.09046745389583,돼지,vworld_parcel[A]
266_상지원(두영) 농장,36.04685051470686,126.97392167274137,돼지,vworld_parcel[A]
267_금강 농장,36.08663090234684,126.97350875548867,육계,vworld_parcel[A]
268_학호,35.9239522795877,127.07285029487562,돼지,vworld_parcel[A]
269_옛뚝농장,35.91684446508093,126.95565414242583,한우,vworld_parcel[A]
270_정O용 농장,35.982046433618436,127.032342912593,육계,vworld_parcel[A]
271_수지농장,35.96799818154237,127.0372505196091,종계/산란계,vworld_parcel[A]
272_임상 농장,35.989512977490655,126.99350852972185,육계,vworld_parcel[A]
273_이O복 농장,35.965420507371306,127.04095825151455,육계,vworld_parcel[A]
274_한O진 농장,36.12232094822534,127.01899489653644,육계,vworld_parcel[A]
275_동신부화장 농장,36.13400834935494,127.0000380647796,종계/산란계,vworld_parcel[A]
276_김O우 농장,36.13440960768927,127.00157094347095,돼지,vworld_parcel[A]
277_김O철 농장,36.00572651720905,127.0610129678993,육계,vworld_parcel[A]
278_범진농장,35.945443020296935,127.08698124548965,육계,vworld_parcel[A]
279_최O석 농장,35.95372138841245,127.09310426275434,돼지,vworld_parcel[A]
280_윤O래 농장,35.9404663149067,127.07986538892445,한우,vworld_parcel[A]
281_온수 농장,35.92370701112837,127.06441884373035,한우,vworld_parcel[A]
282_해밀축산,35.94259812892766,127.0221659836516,돼지,vworld_parcel[A]
283_점박이 농장,36.11972253833335,126.92727967605018,돼지,vworld_parcel[A]
284_성림농장,36.07851174487605,126.93096558253421,육계,vworld_parcel[A]
285_서O대 농장,36.13114417290714,127.04386186544657,돼지,vworld_parcel[A]
286_정농장,36.08953998177819,127.00715196220523,육계,vworld_parcel[A]
287_부자농장,36.07022106294997,126.94000221354872,육계,vworld_parcel[A]
288_다미 농장,36.02837818120501,127.00108425946682,육계,vworld_parcel[A]
289_미래농장,36.09084418610098,127.02747000003004,육계,vworld_parcel[A]
290_최O렬농장,36.020974052849745,126.98092350480027,젖소,vworld_parcel[A]
291_金馬농장,36.018724005795846,127.0202675940586,육계,vworld_parcel[A]
292_조O진농장,36.01863719757107,127.09151119683392,한우,vworld_parcel[A]
293_이O구농장,36.07029975800297,127.06245913190533,한우,vworld_parcel[A]
294_진흥 농장,36.00656110889598,127.00462466959677,돼지,vworld_parcel[A]
295_김O중농장,35.92645527671522,127.06625113343146,한우,vworld_parcel[A]
296_김O천농장,35.92596870146549,127.06681807281984,한우,vworld_parcel[A]
297_유O호농장,36.07407547722086,127.01295501197623,젖소,vworld_parcel[A]
298_대일농장,35.95671100524923,127.09571793268975,한우,vworld_parcel[A]
299_시온목장,36.07493865196379,126.94283821181898,젖소,vworld_parcel[A]
300_허O천농장,36.12603583609123,126.9269756002536,한우,vworld_parcel[A]
301_월우목장,35.91496995649052,126.87170741350253,한우,vworld_parcel[A]
302_유O태농장,36.069705443427694,126.91306863268865,한우,vworld_parcel[A]
303_상태농장,36.083246773890124,126.93285130448942,한우,vworld_parcel[A]
304_우금2농장,36.06182928746014,127.02723063705115,한우,vworld_parcel[A]
305_김O회농장,36.06061166823359,126.93282264501923,한우,vworld_parcel[A]
306_소O설 농장,36.009513053725115,127.0826112283146,한우,vworld_parcel[A]
307_한국유전자연구소,35.946728499216974,127.02684641416963,돼지,vworld_parcel[A]
308_박O규 농장,35.99071769150316,126.99277201962457,한우,vworld_parcel[A]
309_익산 농장,35.92884695455632,127.07976114724096,돼지,vworld_parcel[A]
310_흙과 삶 농장,36.13331934375627,126.8974217637613,한우,vworld_parcel[A]
312_산마루,36.04483073887286,126.97624971934842,돼지,vworld_parcel[A]
313_화배 농장,36.08899312656213,127.01118846497864,육계,vworld_parcel[A]
314_이O수 농장,35.9884849263249,126.9263990544457,육계,vworld_parcel[A]
315_신은 양돈장,36.12428096642785,126.94972532206057,돼지,vworld_parcel[A]
316_구은영농조합법인,35.932280929583214,127.08562775735764,돼지,vworld_parcel[A]
317_최O명 농장,35.96510650872451,127.08325379301365,돼지,vworld_parcel[A]
318_이O문 농장,36.085838627410965,126.99256782747591,육계,vworld_parcel[A]
319_하늘농장,36.084100394760156,126.99487317514848,육계,vworld_parcel[A]
320_영생 농장,36.01097510883699,126.95524931182366,부화용알생산,vworld_parcel[A]
321_야베스 1농장,35.9731797054769,127.10140430327397,돼지,vworld_parcel[A]
322_마한농장,35.930776269111476,127.08604180917746,돼지,vworld_parcel[A]
323_익산 농장,35.93776563663389,127.09364821333016,돼지,vworld_parcel[A]
324_제주축산,36.09371639639157,126.96330178668597,육계,vworld_parcel[A]
325_송현농장,35.943208275584865,127.07104675470381,한우,vworld_parcel[A]
326_김O순 농장,36.07876231440605,126.89961084314082,한우,vworld_parcel[A]
328_순수 농장,36.083020070458076,127.06823771008084,젖소,vworld_parcel[A]
329_허O한 농장,36.084784995657884,127.06720601355482,한우,vworld_parcel[A]
330_금오 농장,35.928311473126165,127.07010834816191,돼지,vworld_parcel[A]
331_태열 농장,35.93436009656131,127.03268148920785,한우,vworld_parcel[A]
332_최O호 농장,35.91499456939894,127.00863709585013,한우,vworld_parcel[A]
333_한별농장,36.09739387435971,127.00832814224444,한우,vworld_parcel[A]
334_배O문 농장,35.93979920056231,127.07308554143887,한우,vworld_parcel[A]
335_가산농장,36.07692754926917,126.98608710621791,한우,vworld_parcel[A]
336_상석농장,36.06608208846927,127.04186664712496,한우,vworld_parcel[A]
337_진O섭농장,36.05596457329617,127.04776344438568,한우,vworld_parcel[A]
338_최O택 농장,36.06725272936158,127.02118950908994,한우,vworld_parcel[A]
339_조은1목장,36.054054097886144,127.00516103295716,육우,vworld_parcel[A]
340_조은2목장,36.06007021996854,127.00738575739359,젖소,vworld_parcel[A]
341_무영농장,36.06471869830815,127.04178359823044,한우,vworld_parcel[A]
342_호산농장,36.043837420021305,127.10656207538696,한우,vworld_parcel[A]
343_정O태농장,35.940897869923795,127.08038422430695,한우,vworld_parcel[A]
344_통골농장,36.0109466396072,127.11758816311999,한우,vworld_parcel[A]
345_송O섭 농장,35.950761194326105,127.08084946366924,염소,vworld_parcel[A]
346_신O원농장,35.94845469502951,127.08483808670093,한우,vworld_parcel[A]
347_이O창 농장,35.92480762137921,127.08299254133945,한우,vworld_parcel[A]
348_형제농장,35.91080622613451,126.98117256172162,한우,vworld_parcel[A]
349_최O종 농장,36.0666490739066,127.02132554681772,돼지,vworld_parcel[A]
350_야베스농장,36.06401186491209,127.03811260817506,육계,vworld_parcel[A]
351_금모래 농장,35.91547687390835,126.87902650457713,돼지,vworld_parcel[A]
352_대승농장,36.07090300467686,127.02534253647542,육계,vworld_parcel[A]
353_지산 농장,36.050489452360786,127.02436039297092,육계,vworld_parcel[A]
354_상와농장,36.07564010133757,126.92549579770883,한우,vworld_parcel[A]
355_좌두농악 농장,36.1277539592606,126.91534999881904,한우,vworld_parcel[A]
356_서O철 농장,36.121906445870145,126.91280171680026,한우,vworld_parcel[A]
357_김O태 농장,36.07749678675856,126.92852717155367,한우,vworld_parcel[A]
358_성원농장,36.08210682810248,126.93853241341125,종계/산란계,vworld_parcel[A]
359_기O이농장,36.08285909441891,126.93527144738655,육계,vworld_parcel[A]
360_금화 농장,35.946633577449475,127.07093331487565,돼지,vworld_parcel[A]
361_벧엘 농장,35.9484714367109,127.07015320180574,돼지,vworld_parcel[A]
362_이O상 농장,35.948099230678736,127.0693550136873,돼지,vworld_parcel[A]
363_정O영 농장,36.06968548580343,126.93810482987965,육계,vworld_parcel[A]
364_유O습 농장,35.95304274131786,127.08576487143192,돼지,vworld_parcel[A]
365_익산 농장,35.93776563663389,127.09364821333016,돼지,vworld_parcel[A]
366_해오름농장,36.081156783595645,127.01517437946772,육계,vworld_parcel[A]
367_신촌 농장,35.93429963666481,127.09195688634449,돼지,vworld_parcel[A]
368_유O석농장,35.95915726690243,127.07560846787288,한우,vworld_parcel[A]
369_상현농장,36.089142922426774,127.0419994186338,육계,vworld_parcel[A]
371_사결 농장,36.11594575695814,127.02071670510679,돼지,vworld_parcel[A]
372_서울농장,36.142665025021294,127.01541889927601,한우,vworld_parcel[A]
373_김O길농장,36.1047622546841,127.02978968913509,한우,vworld_parcel[A]
374_임O주농장,36.0959599078909,127.02700560221052,한우,vworld_parcel[A]
375_대건축산농장,35.94221949663535,127.09553423172781,한우,vworld_parcel[A]
376_들샘농장,36.10102321716362,127.03635264964902,한우,vworld_parcel[A]
377_김O우농장,36.09563079787229,127.0481939930435,한우,vworld_parcel[A]
378_최O화농장,36.12916440998414,126.94186766647957,한우,vworld_parcel[A]
379_차우 구백농장,35.93605360729165,127.05541600693782,돼지,vworld_parcel[A]
380_신촌 농장,35.930622376195814,127.09045895105285,돼지,vworld_parcel[A]
381_흥신 2농장,35.95483444951033,127.08615501848638,돼지,vworld_parcel[A]
382_흥신 1농장,35.95542832061942,127.08723515185449,돼지,vworld_parcel[A]
383_우봉 농장,36.07762930524352,126.90274988268385,돼지,vworld_parcel[A]
384_우상농장,36.1213448279539,126.88913773098395,한우,vworld_parcel[A]
385_이O구 농장,36.13209412393341,126.9112685287049,한우,vworld_parcel[A]
386_차O수 농장,36.02716476957045,126.95011243780517,한우,vworld_parcel[A]
387_용산농장,36.03896074928316,126.9324390528671,한우,vworld_parcel[A]
388_공O식 농장,36.1176842689506,126.94937963346781,육우,vworld_parcel[A]
389_김O종 농장,36.0969085552847,126.88809529163302,한우,vworld_parcel[A]
390_새동네 목장,36.10165191801063,126.90558543985036,한우,vworld_parcel[A]
391_서광목장 (제2목장),36.07060812437135,126.94413128726694,한우,vworld_parcel[A]
392_유O신 농장,36.02470281094709,126.94663445708703,육계,vworld_parcel[A]
393_박O천 농장,36.129827850466945,126.94131272172213,돼지,vworld_parcel[A]
394_강O 농장,36.09908327387859,127.01516224952978,육계,vworld_parcel[A]
395_이브농장,36.04685051470686,126.97392167274137,돼지,vworld_parcel[A]
396_배O욱 농장,35.956757617610826,127.0919913745175,돼지,vworld_parcel[A]
397_김O관농장,36.123321617572756,126.88843307908117,한우,vworld_parcel[A]
398_김O만 농장,36.07266517390552,126.92955086888475,한우,vworld_parcel[A]
399_서O원 2농장,36.03584615748665,127.02083287270781,한우,vworld_parcel[A]
400_김O중농장,36.057403277538704,126.97720004289795,한우,vworld_parcel[A]
401_태성 농장,36.07080444013543,127.04515619609793,한우,vworld_parcel[A]
402_용산농장,36.05616556722947,126.93934031255904,한우,vworld_parcel[A]
403_이O천 농장,35.969584566106086,127.05500926536621,돼지,vworld_parcel[A]
404_현수 농장,35.96517733155231,126.90947922688534,한우,vworld_parcel[A]
405_수일농장,35.93698922962085,127.07473371379173,한우,vworld_parcel[A]
406_앵금농장,35.94803200753822,127.07110718325433,돼지,vworld_parcel[A]
407_도촌 2농장,36.02596114282429,126.94116071391718,육계,vworld_parcel[A]
408_윤이 농장,35.96874303988106,127.07212224467062,한우,vworld_parcel[A]
409_염O창 농장,36.066791591802414,126.98894609270758,한우,vworld_parcel[A]
410_김O겸,36.09183355861951,126.8963636892563,한우,vworld_parcel[A]
411_백O현 농장,35.99047481592814,127.00873143762107,한우,vworld_parcel[A]
412_김O오농장,36.004367376742806,126.95146963099523,염소,vworld_parcel[A]
413_김O영 농장,36.092463639791205,127.0424223890414,육계,vworld_parcel[A]
414_해오름 농장,36.04685051470686,126.97392167274137,돼지,vworld_parcel[A]
415_다원농장,36.06007021996854,127.00738575739359,한우,vworld_parcel[A]
416_익산(조O진1)농장,35.92884695455632,127.07976114724096,돼지,vworld_parcel[A]
417_종합농장,36.128938379446474,126.94949214145618,한우,vworld_parcel[A]
418_그린축산,36.04685051470686,126.97392167274137,돼지,vworld_parcel[A]
419_대골농장,36.114941833694125,126.90364387293903,한우,vworld_parcel[A]
420_삼현농장,36.00290993282769,126.98317933002077,한우,vworld_parcel[A]
421_부윤영농조합법인,36.1096913835826,126.91702325953129,돼지,vworld_parcel[A]
422_차O회 농장,36.034656754596575,126.91609050869077,한우,vworld_parcel[A]
423_연화농장,36.01295625617253,126.91413179750522,한우,vworld_parcel[A]
424_차O회 농장,36.03601833873583,126.91101238849038,한우,vworld_parcel[A]
425_으뜸이농장,36.01168551119944,126.9065032537089,한우,vworld_parcel[A]
426_이O원 농장,36.131615388091284,126.90971862912647,한우,vworld_parcel[A]
427_최O 농장,35.935750900766365,127.03729334694324,육계,vworld_parcel[A]
428_왕O동 농장,36.05551614314602,126.92025954924654,한우,vworld_parcel[A]
429_승일농장,36.079378584733874,126.92194983523976,한우,vworld_parcel[A]
430_백O진농장,36.008901910246564,127.05567376769008,한우,vworld_parcel[A]
431_김O규농장,35.932280929583214,127.08562775735764,돼지,vworld_parcel[A]
433_오O동 농장,35.92138107313043,126.87443590401219,한우,vworld_parcel[A]
434_영우목장,35.993685309656,126.9901577789808,한우,vworld_parcel[A]
435_김O화농장,35.93599046130224,127.07136083037584,한우,vworld_parcel[A]
436_형제농장,35.93698922962085,127.07473371379173,한우,vworld_parcel[A]
437_농업회사법인 (주)베리굿팜,36.127281617224156,126.91165023097798,돼지,vworld_parcel[A]
438_원해농장,36.02068504634448,126.91005081805564,돼지,vworld_parcel[A]
439_양지목장,36.06247547515161,126.93260776154752,한우,vworld_parcel[A]
440_백O문 농장,36.0091932093773,127.05506291621613,한우,vworld_parcel[A]
441_석훈농장,36.126260762087696,126.92517697923367,한우,vworld_parcel[A]
442_유토피아,36.02819679124357,127.0855907298808,한우,vworld_parcel[A]
443_평장농장,35.950352451209994,127.05307568437568,한우,vworld_parcel[A]
444_신촌농장(정O석),35.93429963666481,127.09195688634449,돼지,vworld_parcel[A]
445_민우농장,36.13542745795711,127.00397459904251,한우,vworld_parcel[A]
446_하나농장,36.06808663038514,127.04161321942257,한우,vworld_parcel[A]
447_정O동농장,35.98425723803763,126.9932517063122,한우,vworld_parcel[A]
448_백O기농장,36.12809644568033,126.9944334151117,한우,vworld_parcel[A]
449_재일농장,36.03818386570494,127.01487525091889,한우,vworld_parcel[A]
450_광명농장,36.058050237866134,127.03041957956755,한우,vworld_parcel[A]
451_익산농장(전O순),35.93358514315267,127.08532856139647,돼지,vworld_parcel[A]
452_박농장,35.937848981069806,127.088322170249,돼지,vworld_parcel[A]
453_이O구농장,36.07026684845111,127.06788829091315,한우,vworld_parcel[A]
454_농우,36.023157772543655,127.08726131166567,한우,vworld_parcel[A]
455_한O기농장,35.93893530763778,127.07280862583684,한우,vworld_parcel[A]
456_익상농장,35.96724628796444,127.06480072410228,한우,vworld_parcel[A]
457_전상두농장,35.9239522795877,127.07285029487562,한우,vworld_parcel[A]
458_정우농장,36.01466412169914,127.07813533331233,한우,vworld_parcel[A]
460_정O중농장,35.96526781468294,127.0616365348677,한우,vworld_parcel[A]
461_용희농장,35.94147885878883,127.08017315247577,한우,vworld_parcel[A]
462_윤O길농장,35.94428207781333,127.0803692788993,한우,vworld_parcel[A]
463_대서반농장,36.06744741745756,127.04018976987597,한우,vworld_parcel[A]
464_남O형농장,36.079645582397006,127.00533731148246,한우,vworld_parcel[A]
465_강O우농장,36.04995070558101,126.99278774957678,한우,vworld_parcel[A]
466_죽산농장,36.08153657925463,127.00783029324741,한우,vworld_parcel[A]
467_김O순농장,36.122276034947625,126.88791575453043,한우,vworld_parcel[A]
468_한우사육 대골농장,36.11520155978252,126.90462212377204,한우,vworld_parcel[A]
469_정O수농장,36.11735049081646,126.9163808398834,한우,vworld_parcel[A]
470_임O문농장,36.0459598398464,127.01170829407329,한우,vworld_parcel[A]
471_경영농장,36.05188021077609,126.93628573838319,한우,vworld_parcel[A]
472_우금1농장,36.0622479870924,127.02576265974832,한우,vworld_parcel[A]
474_경복농장,36.01632060227214,126.89384031634256,한우,vworld_parcel[A]
475_금성농장,36.069432984516546,126.91385917601248,한우,vworld_parcel[A]
476_평섭농장,36.06281413204078,126.91049472441345,한우,vworld_parcel[A]
477_심O평농장,36.046263151050965,126.94128346987524,한우,vworld_parcel[A]
478_이O희농장,36.024013755624765,126.909277388077,한우,vworld_parcel[A]
479_임O순농장,35.99393999751773,127.06928634393518,한우,vworld_parcel[A]
480_박O래농장,36.04074730065524,127.01648180495728,한우,vworld_parcel[A]
481_김O태농장,36.11543747789143,127.03943823174824,한우,vworld_parcel[A]
482_금선한우농장,36.11682141096098,127.04050999188362,한우,vworld_parcel[A]
483_원농장,36.10068238252016,127.04978494078617,한우,vworld_parcel[A]
484_정돈농장,36.117032239442764,127.04816990621336,한우,vworld_parcel[A]
485_내검농장,35.960554215957245,126.91557506733301,한우,vworld_parcel[A]
486_초원농장,35.94373589818849,127.05163154260366,한우,vworld_parcel[A]
488_주몽농장,35.9722763443885,127.0369206003544,육계,vworld_parcel[A]
489_박O기농장,36.02687293820321,126.97584344385018,한우,vworld_parcel[A]
490_해규농장,36.03945052657299,126.90802439498312,한우,vworld_parcel[A]
491_송한농장,35.94410610329101,127.0838133630142,한우,vworld_parcel[A]
492_장원목장,36.133980345311194,126.91205334461566,한우,vworld_parcel[A]
493_신기2농장,35.99584862945984,126.93673330273684,한우,vworld_parcel[A]
494_대선농장,36.06520683697822,126.93848365295113,육계,vworld_parcel[A]
495_대성축산,36.02596216525555,126.92418520719738,한우,vworld_parcel[A]
496_유진농장,35.935115366256575,127.02920509912862,한우,vworld_parcel[A]
497_지구축산,36.0722047676003,126.97493607021667,한우,vworld_parcel[A]
498_우주농장,36.02588714685169,126.92242232352778,한우,vworld_parcel[A]
499_새로운농장,36.040827938564426,126.92408296719637,한우,vworld_parcel[A]
500_포에버농장,36.01843436401917,126.94545009488323,한우,vworld_parcel[A]
501_경진농장,36.0159499484004,126.99435365799428,한우,vworld_parcel[A]
502_지원한우농장,35.99297028475931,127.06314434855702,한우,vworld_parcel[A]
503_갈산농장,36.098663412035386,126.92816079849733,한우,vworld_parcel[A]
504_대파니힐링팜,36.0330956534247,127.02141350270327,한우,vworld_parcel[A]
505_성구농장,36.06714541408587,127.04244714708531,한우,vworld_parcel[A]
506_서울 2농장,36.14310169737769,127.01383482435583,한우,vworld_parcel[A]
507_미륵농장,35.99847806925258,127.02545529444612,한우,vworld_parcel[A]
508_수정농장,36.0890813514067,127.05653572311232,한우,vworld_parcel[A]
509_이O국농장,36.11987819528093,126.89495301598804,한우,vworld_parcel[A]
510_함열진등농장,36.069223603923106,126.98405996389943,한우,vworld_parcel[A]
511_민혁농장,36.04508653323191,127.00755245907762,한우,vworld_parcel[A]
512_효주농장,36.08825882047391,127.04203478985295,한우,vworld_parcel[A]
513_함열농장,36.083975115749695,126.95550184704075,한우,vworld_parcel[A]
514_환희2농장,36.01598906657641,126.9279830931647,한우,vworld_parcel[A]
515_진등농장,36.04533826505786,126.91654091265833,한우,vworld_parcel[A]
516_선농장,36.13071057339996,127.04505785457593,한우,vworld_parcel[A]
517_믿음농장,35.9410530223391,127.03430293143242,한우,vworld_parcel[A]
518_석매농장,36.05548749059039,126.96963920916627,한우,vworld_parcel[A]
519_왕O용농장,36.06703130786195,126.93695902067509,한우,vworld_parcel[A]
520_영배농장,36.04593795766261,126.94141084748577,한우,vworld_parcel[A]
521_익산한우농장,36.022306656048045,126.92797191449165,한우,vworld_parcel[A]
522_선일농장,36.0778985041524,126.90010152822751,한우,vworld_parcel[A]
523_용식농장,36.06096276348528,126.96203680319226,한우,vworld_parcel[A]
524_상석농장,36.064726290295766,127.04505244781751,한우,vworld_parcel[A]
525_규용농장,35.93776563663389,127.09364821333016,돼지,vworld_parcel[A]
526_광덕농장,35.93776563663389,127.09364821333016,한우,vworld_parcel[A]
527_익산농장,35.93776563663389,127.09364821333016,한우,vworld_parcel[A]
528_소O욱농장,35.9547835735267,127.06593011485828,한우,vworld_parcel[A]
529_조O종농장,36.05636443609875,126.98242997286522,돼지,vworld_parcel[A]
530_영근농장,35.9395049779318,126.89894242811904,한우,vworld_parcel[A]
531_김O식농장,36.03656889521679,126.92287730209739,한우,vworld_parcel[A]
532_대매농장,36.07951821379315,127.0081204018796,한우,vworld_parcel[A]
533_우리농장,36.04843647980692,127.02440772572105,한우,vworld_parcel[A]
534_이O현농장,35.98605124063275,127.03714291224458,한우,vworld_parcel[A]
535_혁춘농장,35.99091978563836,126.97618866402982,한우,vworld_parcel[A]
536_행진농장,36.03781259375596,126.9327009740265,한우,vworld_parcel[A]
537_성내농장,36.04896075298955,126.93446452675497,한우,vworld_parcel[A]
538_형제농장,36.09099991101692,126.88881758059676,한우,vworld_parcel[A]
539_광성농장,36.12168138534909,126.88946225293378,한우,vworld_parcel[A]
540_신기농장,36.07881482472463,126.93423228452309,한우,vworld_parcel[A]
541_하와농장,36.07411070612464,126.94155350387456,한우,vworld_parcel[A]
542_기호농장,36.10483572806677,127.02820072052315,한우,vworld_parcel[A]
543_환영농장,36.108706967804,127.02463265118513,한우,vworld_parcel[A]
544_신덕농장,36.130518111978574,127.00667757169214,한우,vworld_parcel[A]
545_유광농장,36.045935011728574,127.07966456852762,한우,vworld_parcel[A]
546_해돋이농장,35.96693798766579,127.07572666883837,한우,vworld_parcel[A]
547_우대농장,36.02290687373743,127.00735570629462,한우,vworld_parcel[A]
548_화실농장,36.1114818463203,126.98532441895006,한우,vworld_parcel[A]
549_윤O준농장,36.08095461375607,126.96449173794528,한우,vworld_parcel[A]
550_초롱농장,36.058815827644736,126.96135171093658,한우,vworld_parcel[A]
551_신기가족농장,36.00011836233894,126.94675393082949,한우,vworld_parcel[A]
552_삼록한우농장,36.10119590959176,127.04899667129801,한우,vworld_parcel[A]
553_삼록한우농장,36.09977657062753,127.05081057243207,한우,vworld_parcel[A]
554_용기농장,36.078115573768606,127.06912179422244,한우,vworld_parcel[A]
555_이O수농장,36.009913972833225,127.11890188465782,한우,vworld_parcel[A]
556_신후농장,35.93175728459542,126.89016922887257,한우,vworld_parcel[A]
557_손씨농장,36.04128746329516,126.89516305148624,한우,vworld_parcel[A]
558_김O지농장,36.03340744541249,126.90071694933367,한우,vworld_parcel[A]
559_장등한우농장,36.07148480810757,126.98456221562694,한우,vworld_parcel[A]
560_성지농장,36.13440960768927,127.00157094347095,돼지,vworld_parcel[A]
561_득록농장,36.02444356738807,127.0098989289848,한우,vworld_parcel[A]
562_선희농장,36.025293736640926,126.99270314120011,한우,vworld_parcel[A]
563_창원농장,36.026319032382446,126.99935814083793,한우,vworld_parcel[A]
564_천지농장,35.983781757898385,126.99122400310347,한우,vworld_parcel[A]
565_동현농장,36.05392310666363,126.9375763306808,한우,vworld_parcel[A]
566_성내농장,36.04927807805141,126.93585689367185,한우,vworld_parcel[A]
567_축진농장,36.126634508399405,126.89253249204788,한우,vworld_parcel[A]
568_신기농장,36.07878292912895,126.93455682900301,한우,vworld_parcel[A]
569_한우농장,36.06386998146701,127.10610886646546,한우,vworld_parcel[A]
570_동현농장,35.93406933084305,127.06686797976148,돼지,vworld_parcel[A]
571_해오름농장,35.953179261034606,127.06527612568902,한우,vworld_parcel[A]
572_연수농장,35.969196123762195,126.9210543095246,한우,vworld_parcel[A]
573_현진농장,36.05084977168582,126.93494451595046,한우,vworld_parcel[A]
574_한우농장,35.96934656766088,127.04130309526863,한우,vworld_parcel[A]
575_태봉농장,36.13407461498541,127.04340113227582,한우,vworld_parcel[A]
576_진산농장,36.03340481612719,126.90393460124616,한우,vworld_parcel[A]
577_용현농장,36.069687467967675,127.03339632990043,한우,vworld_parcel[A]
578_묘현농장,36.06736556086169,127.03409424422279,한우,vworld_parcel[A]
580_두무농장,36.10182002196014,127.01748552867801,한우,vworld_parcel[A]
581_산규농장,36.04522929607018,126.94112078856533,한우,vworld_parcel[A]
582_정금농장,36.03450051349189,127.10684322155406,한우,vworld_parcel[A]
583_범은농장,35.96452740859506,127.07024867538527,육계,vworld_parcel[A]
584_도순농장,35.999255048836446,127.0809650775672,한우,vworld_parcel[A]
585_이O성2농장,35.93139729710099,127.08372754889788,돼지,vworld_parcel[A]
586_시대농장,36.0000856190958,127.07969595940212,한우,vworld_parcel[A]
587_시대농장,35.999618032309456,127.08068408493261,한우,vworld_parcel[A]
588_성농목장,36.12727387482298,127.00988188463909,한우,vworld_parcel[A]
589_한우농장,36.017984581175945,127.10623441446907,한우,vworld_parcel[A]
590_신기농장,35.95786561540343,127.09784336199921,한우,vworld_parcel[A]
591_엽동농장,35.95706587913547,127.04490212966371,한우,vworld_parcel[A]
593_바위농장,35.96707474748429,127.09490792680626,한우,vworld_parcel[A]
594_용운1농장,36.05676257908152,126.90567959483948,한우,vworld_parcel[A]
595_성두농장,36.08710826659324,126.89509235154422,한우,vworld_parcel[A]
596_학동농장,36.09300017425367,126.97169093076684,한우,vworld_parcel[A]
597_부상농장,35.991661900706845,127.07374553015975,한우,vworld_parcel[A]
598_이레팜,36.071027313166844,127.05031803710096,육계,vworld_parcel[A]
599_장등농장,36.06748730265896,126.98414176061054,한우,vworld_parcel[A]
600_세원농장,36.02326149408759,127.07715403047354,한우,vworld_parcel[A]
601_천서농장,35.95202945147068,127.03127952322811,한우,vworld_parcel[A]
602_신일농장,36.1310865133872,126.90941681537711,한우,vworld_parcel[A]
603_한우농장,35.94255814561778,126.894764899308,한우,vworld_parcel[A]
604_녹준목장,35.952907088313324,127.07966440231735,한우,vworld_parcel[A]
605_가을농장,36.021767322624214,126.91239148296873,한우,vworld_parcel[A]
606_시대농장,35.99945147939862,127.08116454342881,한우,vworld_parcel[A]
607_윤O천 1농장,35.94156199870902,127.08062853631709,한우,vworld_parcel[A]
608_신북농장,36.05460463925891,127.04923025509812,한우,vworld_parcel[A]
609_엄지농장,36.03366256613423,126.98823548052911,한우,vworld_parcel[A]
610_선훈농장,36.07587227103721,126.90038612553748,한우,vworld_parcel[A]
611_도황농장,36.0141476820816,127.0557238094445,한우,vworld_parcel[A]
612_석왕농장,35.97395761817289,127.02974679612407,한우,vworld_parcel[A]
613_대길농장,36.05620132586764,126.95764970588323,한우,vworld_parcel[A]
614_평화농장,36.05048658295799,126.89554120398986,한우,vworld_parcel[A]
615_함라농장,36.068173504474686,126.91156909386225,한우,vworld_parcel[A]
616_택양농장,36.11959119060185,126.9013769262796,한우,vworld_parcel[A]
617_백O기농장,36.088067988520265,126.88740780905981,한우,vworld_parcel[A]
618_나O두농장,36.1154348689481,126.90241150524005,한우,vworld_parcel[A]
619_조O선농장,36.07430024746984,127.04911824976531,한우,vworld_parcel[A]
620_서O석농장,36.09579225001639,127.01152792147602,한우,vworld_parcel[A]
621_의승농장,36.09340878376946,127.00959657839906,한우,vworld_parcel[A]
622_영규농장,36.11761677885504,127.01551521768218,한우,vworld_parcel[A]
623_상왕농장,35.972392833753275,127.02412587855724,한우,vworld_parcel[A]
624_장군농장,36.021756717618885,126.94293567355035,한우,vworld_parcel[A]
625_수정농장,36.02427347864372,126.91252814547131,한우,vworld_parcel[A]
626_박O숙농장,36.05870070157607,126.90904513761237,한우,vworld_parcel[A]
627_축산농장,36.12036163693415,126.90440400800887,한우,vworld_parcel[A]
628_형재목장,36.11083087088346,126.90219659441121,한우,vworld_parcel[A]
629_종규농장,36.1295803109112,126.93831347040181,한우,vworld_parcel[A]
630_형택농장,36.06285197930646,127.00531452242168,한우,vworld_parcel[A]
631_제일농장,36.129119864815905,127.04527738946655,한우,vworld_parcel[A]
632_국일농장,36.044447770552324,127.10694384267507,한우,vworld_parcel[A]
633_김O택농장,36.07679934947775,127.08112308475778,한우,vworld_parcel[A]
634_양동농장,36.02142120488534,127.10601318573981,한우,vworld_parcel[A]
635_이O구농장,36.02208494443809,127.1077740360035,한우,vworld_parcel[A]
636_한O수농장,36.015369433930694,127.1185011111526,한우,vworld_parcel[A]
637_박O정농장,36.09533384466362,127.01056913677033,한우,vworld_parcel[A]
638_당하농장,36.11015357602774,126.98604343293269,한우,vworld_parcel[A]
639_진석농장,35.978498222560006,127.0471097881078,한우,vworld_parcel[A]
640_명성농장,36.059925415764354,126.92187686322356,한우,vworld_parcel[A]
641_제성농장,36.11602713036713,126.90152577393603,한우,vworld_parcel[A]
642_금강농장,36.128167403961385,126.8937727905327,한우,vworld_parcel[A]
643_대기농장,36.06276883975478,126.93419739447341,한우,vworld_parcel[A]
644_육O근농장,36.11150553864151,126.9264076492281,한우,vworld_parcel[A]
645_선농장,36.04662465849681,126.97761906993566,돼지,vworld_parcel[A]
646_월곡농장,36.07701931252106,127.08035187392485,한우,vworld_parcel[A]
647_가재농장,36.0717620773967,127.06082818850278,한우,vworld_parcel[A]
648_동용농장,36.015977170431974,127.1159765509264,한우,vworld_parcel[A]
649_소O섭농장,35.94758982789271,127.06347269819173,한우,vworld_parcel[A]
650_승호농장,36.075640851239314,126.92604852682231,한우,vworld_parcel[A]
651_성심농장,36.075112102825045,127.07096996978304,한우,vworld_parcel[A]
652_수식농장,36.075117060553325,127.07305019146894,한우,vworld_parcel[A]
653_우사농장,36.082494726840224,126.99659738279578,한우,vworld_parcel[A]
654_상석농장,36.06420609713747,127.0472553547142,한우,vworld_parcel[A]
655_춘옥농장,36.116868071029444,126.90198309344109,한우,vworld_parcel[A]
656_이O수,36.081592611518026,126.99532161249775,한우,vworld_parcel[A]
657_태원농장,36.047987878171554,126.99558897229724,한우,vworld_parcel[A]
658_진숙농장,36.06353135411845,127.04675589173848,한우,vworld_parcel[A]
659_덕천농장,36.063788048860204,127.02651351227027,한우,vworld_parcel[A]
660_와리농장,36.083975115749695,126.95550184704075,한우,vworld_parcel[A]
661_민솔농장,35.99475202380229,127.01397369055847,돼지,vworld_parcel[A]
662_오룡농장,35.93406933084305,127.06686797976148,한우,vworld_parcel[A]
663_푸르농장,35.9547835735267,127.06593011485828,한우,vworld_parcel[A]
664_무지개농장,36.086588924468714,126.97847762687891,한우,vworld_parcel[A]
665_태현농장,36.1088150240807,126.88813615429294,한우,vworld_parcel[A]
666_정O욱농장,35.93893530763778,127.07280862583684,한우,vworld_parcel[A]
667_어등농장,36.04117815162741,126.90034212512633,한우,vworld_parcel[A]
668_서O빈농장,36.101844611093696,126.88742079173724,한우,vworld_parcel[A]
669_주현농장,36.06841138301273,126.9603264796688,한우,vworld_parcel[A]
670_남훈농장,36.071871195581686,126.98208038446388,한우,vworld_parcel[A]
671_미륵산농장,36.033441940937294,127.01953698175807,한우,vworld_parcel[A]
672_에바다농장,36.06418784157321,126.96133684210116,한우,vworld_parcel[A]
673_야벳농장,36.06698176559907,127.03476143860229,육계,vworld_parcel[A]
674_정민농장,36.02494361042425,126.97791136828886,염소,vworld_parcel[A]
675_이O수농장,36.07661924198682,126.90012296965081,한우,vworld_parcel[A]
676_이O수농장,36.07717982482511,126.90020957732708,한우,vworld_parcel[A]
677_이O수농장,36.074326745296474,126.8998354467806,한우,vworld_parcel[A]
678_소마농장,36.094585540015174,126.88601672260054,한우,vworld_parcel[A]
679_김O성농장,35.9455260693405,126.92513095109615,한우,vworld_parcel[A]
680_보배농장,36.024248774366406,126.90967618468159,한우,vworld_parcel[A]
681_문종농장,35.91939307316345,127.03528086599502,한우,vworld_parcel[A]
682_김O관농장,36.10281816093186,126.93449622468631,한우,vworld_parcel[A]
683_양O용농장,36.07966136946831,126.92802195615947,한우,vworld_parcel[A]
684_대건농장,36.00535978450853,126.93117816354743,한우,vworld_parcel[A]
685_해용농장,36.05049991668605,126.93437226327467,한우,vworld_parcel[A]
686_광수농장,36.137535575650276,126.96597757536026,한우,vworld_parcel[A]
687_초삼농장,35.94622038157401,127.05174356429595,한우,vworld_parcel[A]
688_이O희2농장,36.02040387328074,126.91340396927535,한우,vworld_parcel[A]
689_삼산농장,36.0873492185119,126.93973845608575,한우,vworld_parcel[A]
690_성묵농장,36.062388482544236,126.9360168296962,한우,vworld_parcel[A]
691_낭산농장,36.054815742999295,127.03360134465316,한우,vworld_parcel[A]
692_종원농장,36.048570995167324,127.1010187733917,한우,vworld_parcel[A]
693_대기농장,36.0979924382145,127.04833097871307,한우,vworld_parcel[A]
694_소O섭농장,35.98446246770948,126.99500163024751,한우,vworld_parcel[A]
695_아영목장,36.02774522921877,126.88210322096424,젖소,vworld_parcel[A]
696_신등농장,36.03275053697804,126.90441236504833,한우,vworld_parcel[A]
697_신북농장,36.053767891833395,127.05100711134837,한우,vworld_parcel[A]
698_황O산농장,36.09038764003962,126.93554122811516,한우,vworld_parcel[A]
699_게바농장,35.989512977490655,126.99350852972185,한우,vworld_parcel[A]
700_최O남농장,36.13606039789204,127.0175396376548,한우,vworld_parcel[A]
701_당하농장,36.109802131342455,126.98556301864156,한우,vworld_parcel[A]
702_최O락농장,35.97840588618021,127.02575534099272,한우,vworld_parcel[A]
703_재성농장,35.95750342554212,127.04629363026837,한우,vworld_parcel[A]
704_이O철농장,35.9399512164959,127.03057831243872,한우,vworld_parcel[A]
705_전라농장,35.97132800877317,127.06927679272249,한우,vworld_parcel[A]
706_축산농장,36.09253118341756,127.01163189325406,한우,vworld_parcel[A]
707_박O준농장,36.10114827624548,126.88831254758085,한우,vworld_parcel[A]
708_윤O모농장,36.10137116828894,126.88770760594335,한우,vworld_parcel[A]
709_심O섭농장,36.06133557908156,126.91457090393399,한우,vworld_parcel[A]
710_신촌농장,36.081342894726376,126.92796681559086,한우,vworld_parcel[A]
711_조O문농장,36.0707160638226,127.06817862991102,한우,vworld_parcel[A]
712_개성농장,36.09977657062753,127.05081057243207,한우,vworld_parcel[A]
713_박O국농장,36.117395131301365,127.00091863115209,한우,vworld_parcel[A]
714_송O호농장,35.948856992098975,127.03302978723873,한우,vworld_parcel[A]
715_간성농장,36.06712129122687,126.92191549279916,한우,vworld_parcel[A]
716_신흥농장,35.9660676999067,127.08738091748324,한우,vworld_parcel[A]
717_제일농장,36.04310231782164,126.94903231297445,한우,vworld_parcel[A]
718_허O철농장,36.03375225404432,126.96665952374107,한우,vworld_parcel[A]
719_김O춘농장,36.06741081224567,126.94125954988544,한우,vworld_parcel[A]
720_채O천농장,36.04957264978357,127.0102774591094,한우,vworld_parcel[A]
721_전O헌농장,36.051284237005746,126.89879515405528,한우,vworld_parcel[A]
722_정O복농장,36.03468174144964,126.91429474484843,한우,vworld_parcel[A]
723_선리농장,36.1312888611737,127.04572208025142,한우,vworld_parcel[A]
724_김O태농장,36.127341986524556,126.99608450043107,한우,vworld_parcel[A]
725_학선농장,36.051953528878286,126.97428639899812,한우,vworld_parcel[A]
726_성남농장,36.05196510385096,127.02418644701244,한우,vworld_parcel[A]
728_한제농장,36.105468516491,126.90219556763586,한우,vworld_parcel[A]
729_김O길농장,36.06112335248804,126.93449887003766,한우,vworld_parcel[A]
730_김O환농장,36.06167011152245,126.93530552287288,한우,vworld_parcel[A]
731_소O영농장,36.10827171953426,127.02486575601934,한우,vworld_parcel[A]
732_신목농장,36.03564915104907,126.87697526335754,한우,vworld_parcel[A]
733_금성농장,36.06788477605853,126.91542162634907,한우,vworld_parcel[A]
734_두라농장,36.063941685747196,126.96128324639938,한우,vworld_parcel[A]
735_종관농장,35.93940028930801,127.07123853637081,한우,vworld_parcel[A]
736_상호농장,35.93895529785708,127.07157999478929,한우,vworld_parcel[A]
737_태종농장,35.93856217992031,127.07192039147958,한우,vworld_parcel[A]
738_정O락농장,35.946511171284314,127.01840931523905,한우,vworld_parcel[A]
739_김O묵농장,36.06178642396287,126.93582430475134,한우,vworld_parcel[A]
740_대기농장,36.059899490474166,126.94531729480437,한우,vworld_parcel[A]
741_혜린농장,36.00898726321058,126.96940485349965,한우,vworld_parcel[A]
742_남복농장,36.04843270371896,127.08144404150175,한우,vworld_parcel[A]
743_한O호농장,36.12719345353925,126.99530338968877,한우,vworld_parcel[A]
744_라O각농장,36.12174758709168,126.99673888663018,한우,vworld_parcel[A]
745_강O권농장,36.12761734149599,126.99590200052359,한우,vworld_parcel[A]
746_푸른농장,35.93311302827867,127.08815083342486,돼지,vworld_parcel[A]
747_뉴그린팜스,35.93003814783792,127.08420626840984,한우,vworld_parcel[A]
748_임O봉농장,36.105099623114874,126.9910548846093,한우,vworld_parcel[A]
749_김O환농장,35.97093359862937,127.00375987963233,한우,vworld_parcel[A]
750_송O유농장,36.06583285279357,127.11398468630097,한우,vworld_parcel[A]
751_대영농장,36.08239115470529,126.93233537530148,한우,vworld_parcel[A]
752_죽청농장,36.03491859451143,127.0176136674265,한우,vworld_parcel[A]
753_기동농장,35.93414238493297,127.02693287117916,한우,vworld_parcel[A]
754_대용농장,36.065933505484125,126.9222739372193,한우,vworld_parcel[A]
755_철이농장,36.06651626644591,126.92098544159964,한우,vworld_parcel[A]
756_오성농장,36.066161861462604,126.92002240379225,한우,vworld_parcel[A]
757_갑수농장,36.063808491601876,126.92346744041646,한우,vworld_parcel[A]
758_춘식농장,36.07458629039683,126.91881170978192,한우,vworld_parcel[A]
759_고창농장,36.08523040171353,126.99384341106912,한우,vworld_parcel[A]
760_만철농장,36.037193567689755,126.9128407563515,한우,vworld_parcel[A]
761_브니엘농장,36.13008685618399,126.9437903808006,젖소,vworld_parcel[A]
762_명화농장,35.93599046130224,127.07136083037584,돼지,vworld_parcel[A]
763_용섭농장,36.01866450935756,126.96059462676959,한우,vworld_parcel[A]
764_창애농장,36.083975115749695,126.95550184704075,한우,vworld_parcel[A]
765_삼성농장,36.13606591382033,127.03432546598818,한우,vworld_parcel[A]
766_금지농장,36.12340799264784,126.99626150917516,한우,vworld_parcel[A]
767_기성농장,36.06180002122958,126.98336754992468,한우,vworld_parcel[A]
768_선식농장,36.02429957563608,127.08645187975934,한우,vworld_parcel[A]
769_입남농장,36.044057993269355,126.89032001966308,한우,vworld_parcel[A]
770_똘똘이농장,35.93665220688406,127.0743458710867,한우,vworld_parcel[A]
771_서오산농장,35.93312648471847,126.90262890496767,한우,vworld_parcel[A]
772_돈이내농장,36.04456843922457,126.94066778154344,한우,vworld_parcel[A]
773_광오농장,36.09219762545993,126.90030156257444,한우,vworld_parcel[A]
774_고창농장,36.09054828479968,126.88712458693581,한우,vworld_parcel[A]
775_미진농장,36.11189152110313,126.95375653609915,한우,vworld_parcel[A]
776_단비농장,35.98256169683643,126.97530850286567,한우,vworld_parcel[A]
777_대현농장,36.036971769007515,127.10866350543965,한우,vworld_parcel[A]
778_장미농장,36.00968583306407,127.05239983389828,한우,vworld_parcel[A]
779_상원농장,36.02429506285343,126.91188101343761,한우,vworld_parcel[A]
780_희성농장,36.04513204303298,127.09984692069474,한우,vworld_parcel[A]
781_광동농장,35.96764001001708,127.0705393268822,한우,vworld_parcel[A]
782_종합농장,35.98216182078369,127.04212198522228,한우,vworld_parcel[A]
783_승호농장,36.11374985730829,126.93614453225194,한우,vworld_parcel[A]
784_대성농장,36.02904660696282,126.92339616165376,한우,vworld_parcel[A]
785_돈다산농장,36.10406963113711,126.98670284113429,한우,vworld_parcel[A]
786_상한농장,36.05441357606671,126.98694712958675,한우,vworld_parcel[A]
787_형제농장,35.91091973779959,126.98244671293305,한우,vworld_parcel[A]
788_현금농장,36.07648044737364,126.97854453926155,한우,vworld_parcel[A]
789_시영농장,36.054538235478546,127.01564948803146,한우,vworld_parcel[A]
790_성하농장,36.06592131088406,127.070983951882,한우,vworld_parcel[A]
791_견우농장,35.96531257905225,127.09026538076446,한우,vworld_parcel[A]
792_두동농장,36.101252315448306,126.91882584776116,한우,vworld_parcel[A]
793_견우농장,35.98469985895083,126.99284491094821,한우,vworld_parcel[A]
794_한우축산,35.94025827514962,127.0740252398619,한우,vworld_parcel[A]
795_윤정농장,36.083020070458076,127.06823771008084,한우,vworld_parcel[A]
796_대선농장,36.06247547515161,126.93260776154752,돼지,vworld_parcel[A]
797_그린한우,35.99077139501108,126.98600024492208,한우,vworld_parcel[A]
798_송O영농장,36.10618649454576,126.91910156342655,한우,vworld_parcel[A]
799_춘화농장,35.94718513231989,127.07152536052328,한우,vworld_parcel[A]
800_혜인농장,35.949039976078126,127.0294595002484,한우,vworld_parcel[A]
801_평화농장,35.95579644628219,127.08292468062601,한우,vworld_parcel[A]
802_참된농장,35.920956971132384,127.07709624490323,돼지,vworld_parcel[A]
803_이반 1농장,36.055727312112865,127.05750444517028,한우,vworld_parcel[A]
804_환호농장,36.05208759758814,126.97471039518675,한우,vworld_parcel[A]
805_죽림농장,36.06615331382125,127.03945039225528,한우,vworld_parcel[A]
806_돌고래농장,36.055104919407455,126.95548177418704,한우,vworld_parcel[A]
807_하누리 1목장,35.93630365824585,127.03258166197818,한우,vworld_parcel[A]
808_웅포농장,36.12646334699288,126.89340297576132,한우,vworld_parcel[A]
809_선우농장,36.0917799079956,126.88795802527657,한우,vworld_parcel[A]
810_신동리영농조합법인,36.103121324863416,126.90651449220543,한우,vworld_parcel[A]
811_은혜농장,35.94182409930274,127.08746077693837,돼지,vworld_parcel[A]
812_신정농장,36.04236043997283,127.02022597097749,한우,vworld_parcel[A]
813_제남농장,36.04962013516037,127.07709122704807,한우,vworld_parcel[A]
814_에덴농장,35.94156199870902,127.08062853631709,한우,vworld_parcel[A]
815_금성농장,36.06739077861688,126.92906686272453,한우,vworld_parcel[A]
816_현근농장,36.053551169079554,127.00995785703384,한우,vworld_parcel[A]
817_정O진목장,36.00861837536096,126.9972770395602,한우,vworld_parcel[A]
818_박O규농장,36.064898991228844,127.06203750905318,한우,vworld_parcel[A]
819_건이농장,36.017980353098736,127.09901264462735,한우,vworld_parcel[A]
820_재석농장,36.05932865913067,126.90878805001205,한우,vworld_parcel[A]
821_이O문농장,35.980992176948135,127.06743528480871,한우,vworld_parcel[A]
822_학성목장,36.00852885125912,127.09845303510903,한우,vworld_parcel[A]
823_김O숙농장,36.04634613521901,127.09516610893475,한우,vworld_parcel[A]
824_요한농장,36.038921604257226,127.09831235805476,한우,vworld_parcel[A]
825_김O영농장,36.12731837028335,127.02303742185049,한우,vworld_parcel[A]
826_심암농장,35.9466619733929,127.01773044565908,한우,vworld_parcel[A]
827_제네농장,36.032205779250184,126.98508936948112,한우,vworld_parcel[A]
828_선리농장,36.1321579894351,127.04539091184941,한우,vworld_parcel[A]
829_내촌농장,36.09878990466923,127.0471683346546,한우,vworld_parcel[A]
830_옥동농장,35.99000124289314,127.05543383147106,한우,vworld_parcel[A]
831_정O진농장,36.12851511015492,127.04634032925095,한우,vworld_parcel[A]
832_솔밭농장,36.08468791883715,127.00231445395409,젖소,vworld_parcel[A]
833_김O일농장,35.98989957003036,127.01536013038049,한우,vworld_parcel[A]
834_대원농장,35.959925418910636,127.03605425215473,한우,vworld_parcel[A]
835_소희농장,36.073766337818405,126.924134316746,한우,vworld_parcel[A]
836_미리농장,35.937950376704066,127.01670503376945,한우,vworld_parcel[A]
837_비전농장,35.94764861116126,127.08954329984151,돼지,vworld_parcel[A]
838_차농장,36.079125657852785,126.98250939089556,한우,vworld_parcel[A]
839_홍O인농장,36.06592131088406,127.070983951882,한우,vworld_parcel[A]
840_함라농장,36.068173504474686,126.91156909386225,한우,vworld_parcel[A]
841_축산 농장,35.95833151418621,127.07622000682572,한우,vworld_parcel[A]
842_사랑농장,36.044016925994555,126.94807356830407,한우,vworld_parcel[A]
843_김O태농장,36.07574268637049,126.93539066803879,한우,vworld_parcel[A]
844_오리농장,36.009472700670244,126.98884662175494,오리,vworld_parcel[A]
845_다윗목장,36.05345782671051,127.04921878165186,한우,vworld_parcel[A]
846_늘품농장,35.98784108604099,126.93908284276895,한우,vworld_parcel[A]
847_성진농장,36.05332121296646,126.91177218856791,한우,vworld_parcel[A]
848_시온축복농장,36.03267391324255,126.9171579303023,한우,vworld_parcel[A]
849_아침이슬농장,36.03148680913273,126.91947478296235,한우,vworld_parcel[A]
850_정O균 농장,35.94087707322038,127.0795465648152,한우,vworld_parcel[A]
851_키우다,36.01165778857711,126.90216733250091,한우,vworld_parcel[A]
852_민서농장,35.91866981311418,126.8797224468445,한우,vworld_parcel[A]
853_고O중농장,36.06748707751784,126.92989326732489,한우,vworld_parcel[A]
854_대야농장,36.130975460226864,126.90992092615932,한우,vworld_parcel[A]
855_성당한우농장,36.12397955861479,126.92729568465019,한우,vworld_parcel[A]
856_(유)오리진,36.050489452360786,127.02436039297092,육계,vworld_parcel[A]
857_현주농장,36.018084415091366,126.9448022234509,한우,vworld_parcel[A]
858_대봉축산,35.94405187965852,127.07846661361859,한우,vworld_parcel[A]
859_석동최O규농장,36.13350622350471,126.94405952763483,한우,vworld_parcel[A]
860_박O애농장,36.12240682638206,126.99641161026368,한우,vworld_parcel[A]
861_김O배농장,36.095274738433645,127.05018444096682,한우,vworld_parcel[A]
862_김O재농장,36.01595454506801,126.96146481996857,한우,vworld_parcel[A]
863_미진농장,36.09519273305063,127.02515503690475,한우,vworld_parcel[A]
864_참좋은농장,35.943208275584865,127.07104675470381,돼지,vworld_parcel[A]
865_광석농장,36.10068893200351,127.00724389704011,한우,vworld_parcel[A]
866_칠리농장,35.94874975546361,126.99490356192595,한우,vworld_parcel[A]
867_주연농장,35.97566884064079,127.04983543776451,육계,vworld_parcel[A]
868_천우축산,36.07689442598226,127.07008267796911,한우,vworld_parcel[A]
869_대신농장,35.92720602842464,126.87910770474903,한우,vworld_parcel[A]
870_서O원농장,35.934616723046005,127.05485677885008,한우,vworld_parcel[A]
871_한솔농장,36.03523336231912,126.90281045289112,한우,vworld_parcel[A]
872_형제축산,36.07292538917089,126.92268013638282,한우,vworld_parcel[A]
873_노O식농장,36.066161861462604,126.92002240379225,한우,vworld_parcel[A]
874_한수농장,36.037153229737925,126.88781707847036,한우,vworld_parcel[A]
875_서O구농장,36.104989881843764,127.04471222265863,한우,vworld_parcel[A]
876_무형농장-2,36.133927505721104,127.0501955208626,한우,vworld_parcel[A]
877_상발농장,36.092463639791205,127.0424223890414,육계,vworld_parcel[A]
878_우보농장,36.04867128397693,127.08471130478361,한우,vworld_parcel[A]
879_맹O수농장,36.027148266334144,126.96967712987717,한우,vworld_parcel[A]
880_신지농장,35.92458158158935,126.87831706447878,한우,vworld_parcel[A]
881_신기농장,36.067912414731445,127.06517141532157,한우,vworld_parcel[A]
882_차O룡농장,36.07496644223795,126.9868886627021,한우,vworld_parcel[A]
883_정가네농장,36.0427649913907,126.92978653395446,육계,vworld_parcel[A]
884_노O순농장,36.14633305811844,127.01411344710024,육우,vworld_parcel[A]
885_해넘이농장,35.968975717955914,127.07334845830718,한우,vworld_parcel[A]
886_김O순농장,35.93776563663389,127.09364821333016,한우,vworld_parcel[A]
887_부자1호2호,36.02210000404658,127.0000430661313,한우,vworld_parcel[A]
888_마한농장,36.07391994142496,127.05092561017419,한우,vworld_parcel[A]
889_신O순농장,36.04887948168307,126.93982508810335,한우,vworld_parcel[A]
890_이O민농장,36.042457920972566,126.92497620677588,한우,vworld_parcel[A]
891_영선농장,35.93063881029618,126.99484660755377,한우,vworld_parcel[A]
892_관동양계장,35.96452740859506,127.07024867538527,육계,vworld_parcel[A]
893_이O복농장,35.97226401651882,127.10114114700423,돼지,vworld_parcel[A]
894_전O동농장,35.99816800102869,127.0609668131437,한우,vworld_parcel[A]
895_순이농장,35.993267071502615,127.03279463105014,한우,vworld_parcel[A]
896_유O자농장,36.019788793343025,127.1113684933483,한우,vworld_parcel[A]
897_화배리두경농장,36.092919480963715,127.00757442563616,염소,vworld_parcel[A]
898_늘푸른농장,35.98790574621525,126.97462093587492,한우,vworld_parcel[A]
899_신오산농장,35.929211783382215,126.90986771812697,한우,vworld_parcel[A]
900_동석농장,35.96641427391624,127.03703583927592,한우,vworld_parcel[A]
901_박O성농장,35.99417755473644,127.05382144181401,한우,vworld_parcel[A]
902_DNA Farm,36.03139347248771,126.90932838719473,한우,vworld_parcel[A]
903_하O수농장,36.12855937932501,127.0104399771295,한우,vworld_parcel[A]
904_김O진농장,35.929211783382215,126.90986771812697,한우,vworld_parcel[A]
905_정자농장,36.08519855015728,126.9784808660882,한우,vworld_parcel[A]
906_야곱농장,36.10025924409147,127.02130979480324,한우,vworld_parcel[A]
907_이O휘농장,35.93065838950691,127.06804363841599,돼지,vworld_parcel[A]
909_으뜸이농장,36.01168551119944,126.9065032537089,돼지,vworld_parcel[A]
910_아란농장,35.9979084139008,126.94762134439769,한우,vworld_parcel[A]
911_남성농장,36.0722972045083,126.93047390002315,한우,vworld_parcel[A]
912_선배네농장,36.049125960197294,126.99192361661025,한우,vworld_parcel[A]
913_낭산광진농장,36.067716444321405,127.05120468716903,육계,vworld_parcel[A]
914_최O구농장,36.04577104614865,127.1060425673929,한우,vworld_parcel[A]
915_장미농장,35.919186411730976,127.03424610014113,한우,vworld_parcel[A]
916_영광농장,36.003534029674654,126.93013103068384,한우,vworld_parcel[A]
917_김농장,36.05316768211887,126.90109684517716,한우,vworld_parcel[A]
918_에코목장,35.98650808005554,126.9485518960455,한우,vworld_parcel[A]
919_그린농장,36.11681739921606,126.8948601730482,한우,vworld_parcel[A]
920_고경농장,36.1108819946898,126.89173341284283,한우,vworld_parcel[A]
921_명인농장,36.01266452880239,126.90384960519825,한우,vworld_parcel[A]
922_김O수농장,36.03546709373117,126.88371453256002,한우,vworld_parcel[A]
923_수정농장,36.1329168775314,127.04647891081872,한우,vworld_parcel[A]
924_가형농장,35.96490909559086,126.90862644475874,한우,vworld_parcel[A]
925_민솔2농장,36.04685051470686,126.97392167274137,돼지,vworld_parcel[A]
926_미소벨리,36.08491292092182,126.95321925532957,한우,vworld_parcel[A]
927_금마농장,35.99013948475687,127.06073351313388,한우,vworld_parcel[A]
928_병규농장,35.993174934970995,127.03366088851958,한우,vworld_parcel[A]
929_팔봉농장,36.0434075060832,126.92585512891048,한우,vworld_parcel[A]
930_은혜농장,36.06356680657569,126.95755010151035,한우,vworld_parcel[A]
931_예인농장,36.120324108975986,126.88501435345196,한우,vworld_parcel[A]
932_사랑이농장,36.10571185674563,127.04851878524079,오리,vworld_parcel[A]
933_성남농장,36.04409948079734,127.02475466961151,한우,vworld_parcel[A]
934_구자목장,36.03973423947329,126.92445415674717,한우,vworld_parcel[A]
936_남철농장,36.04542643782491,127.02859402913222,한우,vworld_parcel[A]
937_오성농장,36.08726048353558,126.9686185292567,육계,vworld_parcel[A]
938_우리금돈,36.04685051470686,126.97392167274137,돼지,vworld_parcel[A]
939_김O태농장,36.044447770552324,127.10694384267507,한우,vworld_parcel[A]
940_정O희농장,36.05552397253926,126.956215685108,한우,vworld_parcel[A]
941_하O석2농장,36.12321818216349,126.92804217727925,한우,vworld_parcel[A]
942_남산농장,36.046942547761425,127.07981815657769,한우,vworld_parcel[A]
943_피앗농장,36.02906843575283,127.09123122555205,한우,vworld_parcel[A]
944_두만농장,36.03846117664695,126.91247361021328,한우,vworld_parcel[A]
945_하늘농장,36.11455409020507,126.89523442670833,한우,vworld_parcel[A]
946_서울목장,36.14310169737769,127.01383482435583,한우,vworld_parcel[A]
947_희망농장,36.03751471101455,127.10509989203638,한우,vworld_parcel[A]
948_김O규농장,35.96593381314037,127.08673828085169,한우,vworld_parcel[A]
949_삼일농장,36.01808567382646,126.91922344455443,한우,vworld_parcel[A]
950_한가족목장,35.93816203205438,126.99935119998628,한우,vworld_parcel[A]
951_현금농장,36.0808166581434,126.98122962491689,한우,vworld_parcel[A]
952_백제양계장,36.05161910856991,126.99763639624572,육계,vworld_parcel[A]
953_최O전농장,36.05725225479334,127.01398546402228,한우,vworld_parcel[A]
954_명진농장,36.068964541083595,127.02119844751769,육계,vworld_parcel[A]
955_고은이네 가족농장,35.99371615543095,126.94768428920372,한우,vworld_parcel[A]
956_소망농장,36.01595454506801,126.96146481996857,육계,vworld_parcel[A]
957_삼기농장,36.008107439555424,127.00042959938634,육계,vworld_parcel[A]
958_이O원농장,35.98962490837576,127.06741181996361,한우,vworld_parcel[A]
959_이O택농장,35.989981271159024,127.06832989852963,한우,vworld_parcel[A]
960_소O영농장,35.94145714129503,127.08295161412883,한우,vworld_parcel[A]
961_편솔농장,36.0158223572692,127.07660114234102,한우,vworld_parcel[A]
962_제일농장,36.13152778282736,127.0252177098115,육계,vworld_parcel[A]
963_김O흥농장,36.093742288918705,127.00907048329633,한우,vworld_parcel[A]
964_이레농장,36.04717264369919,126.9800975406511,돼지,vworld_parcel[A]
965_최O환농장,36.13201787063245,127.04653147304708,한우,vworld_parcel[A]
966_이O규농장,36.09741119479157,127.02994692579699,한우,vworld_parcel[A]
967_한O철농장,35.93780140644247,127.06476207580315,한우,vworld_parcel[A]
968_청화농장,36.08764385145855,127.0142622274654,육계,vworld_parcel[A]
969_김O묵농장,36.060639585367454,126.9336821832324,한우,vworld_parcel[A]
970_오O덕농장,36.052295383226976,127.0492729843834,한우,vworld_parcel[A]
971_그린란드,36.04740756404675,126.87541809321854,한우,vworld_parcel[A]
972_농업회사법인(주)계룡,36.123969315143896,127.05721955847211,육계,vworld_parcel[A]
973_정O영농장,36.018375856976476,126.9416536644406,육계,vworld_parcel[A]
974_에덴 농장,36.065722601946746,126.95786967375979,돼지,vworld_parcel[A]
975_봄나루 농장,35.933097557423295,127.03064392030494,한우,vworld_parcel[A]
976_경원농장,36.099802002094066,127.014861691425,육계,vworld_parcel[A]
977_만수 목장,36.12551070937907,126.938838641449,젖소,vworld_parcel[A]
978_왕O길농장,36.03487052487603,126.93060719528629,한우,vworld_parcel[A]
979_해오름농장,36.070432130551566,127.06418362706262,한우,vworld_parcel[A]
980_가을농장,36.137144865281506,126.99093017263976,한우,vworld_parcel[A]
981_초원목장,36.0248547786024,126.90012648408387,한우,vworld_parcel[A]
982_인오농장,35.94658643708479,127.05752679477635,한우,vworld_parcel[A]
983_사결농장,36.10751238786131,127.01425143942241,돼지,vworld_parcel[A]
984_워낭한우농장,35.925824819536054,127.02019152760741,한우,vworld_parcel[A]
985_청솔2목장,36.11323896779008,126.94360248261955,한우,vworld_parcel[A]
986_새론농장,36.1127957886757,127.03282551312908,육계,vworld_parcel[A]
987_영농장,35.96693794966122,127.03361052395843,한우,vworld_parcel[A]
988_구자농장,36.0427649913907,126.92978653395446,한우,vworld_parcel[A]
989_박O신농장,35.92917707216691,127.02113780719385,한우,vworld_parcel[A]
990_금사매농원,36.079490932077476,127.08062043719721,한우,vworld_parcel[A]
992_신원농장,36.127561286668026,126.89939760082098,한우,vworld_parcel[A]
993_신화목장,36.0456251113975,127.08407105056337,한우,vworld_parcel[A]
994_염소울,36.06633266623772,126.98394250620467,산양,vworld_parcel[A]
995_해룡농장,36.03217320630907,126.93973657008442,한우,vworld_parcel[A]
996_후니농장,35.930268785206344,127.07114953342298,돼지,vworld_parcel[A]
997_낭산한우농장,36.04796500619531,127.02585595196231,한우,vworld_parcel[A]
998_심O원농장,36.05708481614663,126.94996278096843,한우,vworld_parcel[A]
999_석매농장,36.05548749059039,126.96963920916627,한우,vworld_parcel[A]
1000_정수농장,35.99448118368818,126.93344081475676,한우,vworld_parcel[A]
1001_시명농장,36.062663113832926,127.00942568569434,한우,vworld_parcel[A]
1002_신촌농장,36.02518113707572,126.90697673344972,한우,vworld_parcel[A]
1003_참사랑농장,36.11680118442247,127.0311852870295,종계/산란계,vworld_parcel[A]
1004_오룡농장,35.93963356558909,127.06349835424015,한우,vworld_parcel[A]
1005_김O용농장,36.09441183210194,126.96689261948342,한우,vworld_parcel[A]
1006_왕궁우림농원,35.936198432118374,127.07197186788696,한우,vworld_parcel[A]
1007_양돈농장,35.930776269111476,127.08604180917746,돼지,vworld_parcel[A]
1008_김O묵농장,36.1303830469068,126.91951368389181,한우,vworld_parcel[A]
1009_주O명농장,35.94422992013426,127.07455569974354,한우,vworld_parcel[A]
1010_오O수농장,35.93901375621786,127.03979546618362,한우,vworld_parcel[A]
1011_다우농장,35.956287382775315,127.07371337549621,한우,vworld_parcel[A]
1012_늘푸른농장,35.941549984437415,127.07535861805295,한우,vworld_parcel[A]
1013_함열농장,36.10954033170627,126.9734988788085,육계,vworld_parcel[A]
1014_탑리농장,35.966042440260296,127.0486139403581,육계,vworld_parcel[A]
1015_서동한우농장,35.9925029456207,127.06147570818847,한우,vworld_parcel[A]
1016_희망영농,35.93438401239912,127.09170011343149,돼지,vworld_parcel[A]
1017_소선농장,36.10144553419598,126.93441400287949,한우,vworld_parcel[A]
1018_우O림농장,36.090669628391865,126.97672165618003,육계,vworld_parcel[A]
1019_정O영,35.9275350160744,126.87838075145595,한우,vworld_parcel[A]
1020_도토리농장,36.068258225356544,126.98802881661625,한우,vworld_parcel[A]
1021_염소우리,36.035060383627666,126.92853697927305,산양,vworld_parcel[A]
1022_다물농장,36.062254235517074,127.11393752038552,한우,vworld_parcel[A]
1023_검소한흑염소농장,36.09741119479157,127.02994692579699,산양,vworld_parcel[A]
1024_문O주농장,36.044248469829284,126.89136077250453,한우,vworld_parcel[A]
1025_청송농장,36.032890444824645,126.93542564330431,육계,vworld_parcel[A]
1026_우리팜스,36.05651302583786,126.97239931229578,육계,vworld_parcel[A]
1027_김O중 농장,36.03306824094787,127.00995298791804,산양,vworld_parcel[A]
1028_익산농장,35.93130876254679,127.08129467165267,돼지,vworld_parcel[A]
1029_장수사슴목장,35.95539950928781,127.03463185994542,사슴,vworld_parcel[A]
1030_한우농장,36.05256051210547,127.01862465401666,한우,vworld_parcel[A]
1031_우리농장,36.11230228177061,127.0484849246935,한우,vworld_parcel[A]
1032_여산농장,36.03448776509566,127.1099270675363,한우,vworld_parcel[A]
1033_한성영농,36.043561870501705,126.94065460922565,염소,vworld_parcel[A]
1034_은하수농장,36.07431030147428,126.9876496973798,한우,vworld_parcel[A]
1035_임마누엘고센농장,36.07538844362491,126.90245546844474,산양,vworld_parcel[A]
1036_아인농장,36.06235867739797,127.00733876320203,육계,vworld_parcel[A]
1037_두라농장,36.0619647286968,126.95600013242954,육계,vworld_parcel[A]
1038_농업회사법인 유한회사 익산자돈농장,36.06403180192341,127.05258604924532,돼지,vworld_parcel[A]
1039_팔봉농원,35.99785691247211,126.9877177369423,염소,vworld_parcel[A]
1040_한O름농장,36.125558416020404,127.01205041416401,한우,vworld_parcel[A]
1041_금선한우농장,36.057220371533404,127.04937979820943,한우,vworld_parcel[A]
1042_낭산염소농장,36.06225404099267,127.02476528790692,산양,vworld_parcel[A]
1043_옥농장,36.06785584792543,126.92931585437344,한우,vworld_parcel[A]
1044_천만농장,35.98445468675899,126.93397528284058,한우,vworld_parcel[A]
1045_철환농장,36.01842207015822,127.08951539968089,한우,vworld_parcel[A]
1046_황등목장,36.02354739682767,126.96241150289907,산양,vworld_parcel[A]
1047_황등목장,36.02358008080993,126.9609873684813,산양,vworld_parcel[A]
1048_세안농장2,36.04685051470686,126.97392167274137,돼지,vworld_parcel[A]
1049_오산농장,36.05845813186677,126.98300501351648,산양,vworld_parcel[A]
1050_호진농장,35.98395400666486,126.92750998569916,한우,vworld_parcel[A]
1051_우리흑염소,36.08085955690781,127.00963874455458,염소,vworld_parcel[A]
1052_유수농산,36.049449295676894,127.08262231651499,한우,vworld_parcel[A]
1053_도촌농장,36.02596114282429,126.94116071391718,육계,vworld_parcel[A]
1054_김O하 농장,36.12953576514207,126.9452375486307,젖소,vworld_parcel[A]
1055_해인농장,35.943459030683655,127.02361880310869,한우,vworld_parcel[A]
1056_왕궁농장,35.95380867876059,127.09830842299712,염소,vworld_parcel[A]
1057_소잘커농장,36.09561126691866,126.94417415563876,한우,vworld_parcel[A]
1058_또박이농장,35.95520558093211,127.09587509754255,염소,vworld_parcel[A]
1059_근남농장,35.96473433734101,127.06008501025175,한우,vworld_parcel[A]
1060_미래농장,35.918766537053635,126.86116672034817,한우,vworld_parcel[A]
1061_분홍염소,36.03407351624428,126.92380124373022,염소,vworld_parcel[A]
1062_동산흑염소농장,36.11670738585093,126.90079885531594,염소,vworld_parcel[A]
1063_장백농장,35.912905215467646,127.01770966045973,육계,vworld_parcel[A]
1064_월성농장,35.997215192439405,126.97027584051399,염소,vworld_parcel[A]
1065_광명농장Ⅱ,36.06684791964888,127.0304716706957,한우,vworld_parcel[A]
1066_안심농장,35.98784108604099,126.93908284276895,한우,vworld_parcel[A]
1067_만수목장,36.128331514844604,126.94012159385346,육우,vworld_parcel[A]
1068_해뜸3농장,35.99469557540331,127.03068822082597,한우,vworld_parcel[A]
1069_기정농장,35.93060510410615,126.98950951844924,한우,vworld_parcel[A]
1070_최O락농장,36.095564310007774,126.95235623084179,한우,vworld_parcel[A]
1071_OK농장,35.930877641460455,127.03336870389217,한우,vworld_parcel[A]
1072_형제농장,35.92061399161863,126.98259938511288,육계,vworld_parcel[A]
1073_신동리영농조합법인,36.13365238709737,126.8973354613263,한우,vworld_parcel[A]
1074_우솔농원,35.94415320001231,127.07126947486572,한우,vworld_parcel[A]
1075_함라축산,36.060397703874166,126.9037630643793,한우,vworld_parcel[A]
1076_우재농장,36.12927002670817,126.89585653400381,한우,vworld_parcel[A]
1077_김O순농장,36.12183056108029,126.92970736127329,한우,vworld_parcel[A]
1078_김O승농장,36.06251160473741,126.93579421383251,돼지,vworld_parcel[A]
1079_해원농장,36.049375719930765,127.0844130698556,한우,vworld_parcel[A]
1080_유태네 농장,36.0028432232032,126.99884064270543,한우,vworld_parcel[A]
1081_고센숲농장,36.11558743488058,126.96781455251514,육우,vworld_parcel[A]
1082_거대농장,35.92326534719385,127.01615139248877,염소,vworld_parcel[A]
1083_은수농장,35.93004934201677,127.02520689978431,한우,vworld_parcel[A]
1084_한식농장,36.05315846194691,127.0068600379106,한우,vworld_parcel[A]
1085_김O우농장,36.11538199953853,126.96669185881123,한우,vworld_parcel[A]
1086_수암농장,36.08458729397869,127.0013148655601,육계,vworld_parcel[A]
1087_기쁨한우농장,36.09447915025638,126.9738138205924,한우,vworld_parcel[A]
1088_벧엘농장,36.100895629216126,127.02289362120834,한우,vworld_parcel[A]
1089_용연목장,35.93279176013167,126.9948361634215,한우,vworld_parcel[A]
1090_성당농장,36.07882728722234,126.94744269484659,한우,vworld_parcel[A]
1091_창평농장,35.95968210661235,127.04507005488175,염소,vworld_parcel[A]
1092_신왕농장,36.10344777125209,127.01389457054898,육계,vworld_parcel[A]
1093_1농장,36.12441289653348,126.94072725947838,한우,vworld_parcel[A]
1094_옥이네농장,35.946095272592366,127.06370830597746,한우,vworld_parcel[A]
1095_임마누엘농장,36.08691444825932,127.03637162872458,돼지,vworld_parcel[A]
1096_용산2농장,36.05890774515612,126.94528020633157,한우,vworld_parcel[A]
1097_정선농장,35.966035729587176,127.09941701094553,한우,vworld_parcel[A]
1098_민솔3농장,36.059899205831854,126.94286632770013,한우,vworld_parcel[A]
1099_황제농장,36.11866269144532,126.88429598735732,한우,vworld_parcel[A]
1100_희망목장,36.06182093187138,126.94531487591047,한우,vworld_parcel[A]
1101_용성농장,36.059899490474166,126.94531729480437,한우,vworld_parcel[A]
1102_하늘목장,36.123860033747874,126.91689941454518,한우,vworld_parcel[A]
1103_형제농장,36.01820500148826,126.89113402366254,한우,vworld_parcel[A]
1104_한길농장,35.93404718784879,126.89756946399513,한우,vworld_parcel[A]
1105_단풍나무 농장,36.066439204033536,126.94547228862984,한우,vworld_parcel[A]
1106_지민농장,36.103946212533685,126.93831544863644,한우,vworld_parcel[A]
1107_한우 사랑의 동산,36.03174769909592,126.90574158582935,한우,vworld_parcel[A]
1108_수인농장,36.023789820716225,126.99956561949108,한우,vworld_parcel[A]
1109_홍O창농장,36.0851031182565,126.94653282304057,한우,vworld_parcel[A]
1110_삼일농장,36.01808567382646,126.91922344455443,한우,vworld_parcel[A]
1111_무지개농장,36.006849350970384,126.92421516696251,한우,vworld_parcel[A]
1112_우람농장,36.05025850414167,127.00603522708215,한우,vworld_parcel[A]
1113_병은농장,35.96492194289763,127.09874202153128,한우,vworld_parcel[A]
1114_복주농장,35.951057024151666,127.07673250789863,한우,vworld_parcel[A]
1115_덕성농장,36.07058425448969,126.94205476511422,한우,vworld_parcel[A]
1116_부흥농장,36.0380926427392,126.9426540862493,한우,vworld_parcel[A]
1117_서준농장,36.12854402103483,127.00092351385413,한우,vworld_parcel[A]
1118_영광농장,36.048865127030524,127.02485812953964,한우,vworld_parcel[A]
1119_삼부농장,35.9384251295302,127.02648082243721,돼지,vworld_parcel[A]
1120_예운농장,35.95355082035765,126.8924916972475,한우,vworld_parcel[A]
1121_주원농장,35.99566458023586,126.91748717136822,한우,vworld_parcel[A]
1122_길주농장,36.095499222446435,126.94672729262885,한우,vworld_parcel[A]
1123_유성농장,35.93089438160435,126.99745633740109,한우,vworld_parcel[A]
1124_희망농장,36.09890349816526,127.05483949401813,한우,vworld_parcel[A]
1125_키우소농장,36.09549962726863,126.94376672862785,한우,vworld_parcel[A]
1126_동현농장,36.125833153628385,126.90367582181867,한우,vworld_parcel[A]
1127_금송목장,35.94854253887287,127.07696929860288,한우,vworld_parcel[A]
1128_진주농장,35.93404718784879,126.89756946399513,한우,vworld_parcel[A]
1130_수민농장,36.11866269144532,126.88429598735732,한우,vworld_parcel[A]
1131_농업회사법인(유)우리농장,35.99181740106927,126.91665377380758,한우,vworld_parcel[A]
1132_주은농장,36.125752166534326,126.89356644201166,한우,vworld_parcel[A]
1133_여송농장,35.98133264491159,127.07483762076052,한우,vworld_parcel[A]
1134_진산목장,36.03305924366792,126.90471158134906,한우,vworld_parcel[A]
1135_팽나무 농장,36.13821773381927,127.0324030496972,한우,vworld_parcel[A]
1136_동환농장,36.116306827891364,126.90864395387067,한우,vworld_parcel[A]
1137_한O리 농장,35.98865260099613,126.91445119507591,한우,vworld_parcel[A]
1138_김O규 농장,35.95757738603548,127.09478216538193,한우,vworld_parcel[A]
1139_다O리 농장,36.124127923158426,126.9164936691883,한우,vworld_parcel[A]
1140_진국농장,35.95008905739162,127.07578534807743,한우,vworld_parcel[A]
1141_소산농장,36.04861234703089,126.941675403799,한우,vworld_parcel[A]
1142_Hello Farm,36.09135948896424,126.9525214756614,한우,vworld_parcel[A]
1143_손O기농장,36.077374369436214,126.98224025097481,한우,vworld_parcel[A]
1144_박O오농장,36.05013036930164,126.95149159754874,한우,vworld_parcel[A]
1145_박O영농장,36.14651478867566,126.96731217063213,염소,vworld_parcel[A]
1146_익상농장,35.966941679054926,127.0607104835523,한우,vworld_parcel[A]
1147_태성농장,35.99566458023586,126.91748717136822,한우,vworld_parcel[A]
1148_소소팜,36.09343629248633,126.95239310519361,한우,vworld_parcel[A]
1149_상훈농장,35.94716983613303,127.07552167890577,한우,vworld_parcel[A]
1150_시우목장,35.9492290711941,127.0776584876154,한우,vworld_parcel[A]
1151_꿈꾸소 농장,36.0838363034368,126.95044111124746,한우,vworld_parcel[A]
1152_남원농장,36.01821562152115,127.00055497589194,한우,vworld_parcel[A]
1153_덕순농장,35.97725793900047,127.09942551897562,한우,vworld_parcel[A]
1154_왕춘농장,35.93799227248512,127.05471669270281,염소,vworld_parcel[A]
1155_박O권농장,36.11137550887831,126.97271785168502,젖소,vworld_parcel[A]
1156_염소농장,36.092574971312494,126.97130651080226,염소,vworld_parcel[A]
1157_박O규농장,35.91895211481349,126.9261666915234,한우,vworld_parcel[A]
1158_소망농장,36.043561466701284,126.94786400593622,한우,vworld_parcel[A]
1159_초삼농장,35.94439336209041,127.05284016262618,한우,vworld_parcel[A]
1160_박O열농장,36.05490304906237,126.94525647231836,한우,vworld_parcel[A]
1161_재명농장,36.068247380427096,127.0424016172236,한우,vworld_parcel[A]
1162_이삭농장,35.929084805257745,127.07421844502045,염소,vworld_parcel[A]
1163_지산농장,35.942469997243634,127.06337649072657,한우,vworld_parcel[A]
1164_동구농장,36.04961507990049,126.99160157905322,한우,vworld_parcel[A]
1165_은성농장,36.084100394760156,126.99487317514848,한우,vworld_parcel[A]
1166_우리농장,35.93420905341795,126.98751409819337,육계,vworld_parcel[A]
1167_대한농장,36.127240487989916,126.93586525879397,한우,vworld_parcel[A]
1168_OK2농장,35.93650542499346,126.99349667450537,한우,vworld_parcel[A]
1169_형석농장,35.94139942778953,127.04180234926451,한우,vworld_parcel[A]
1170_브니엘2농장,36.12441289653348,126.94072725947838,육우,vworld_parcel[A]
1171_고산농장,36.11125442309152,127.04432996549053,육계,vworld_parcel[A]
1172_두이농장,36.09447915025638,126.9738138205924,한우,vworld_parcel[A]
1173_황제농장,36.023301219392536,126.89663582269571,육계,vworld_parcel[A]
1174_무영목장,36.088018069665935,127.02764409844801,육우,vworld_parcel[A]
1175_승만농장,36.069927758852096,127.04639059541083,한우,vworld_parcel[A]
1176_은하수농장,36.06873508948321,126.95098010956082,한우,vworld_parcel[A]
1177_성은농장,36.02453027011767,126.89652852098428,한우,vworld_parcel[A]
1178_송O수,35.92802501727881,127.02740127267143,육우,vworld_parcel[A]
1179_용성농장,36.05881880017603,126.9403714650563,한우,vworld_parcel[A]
1180_월우농장,35.91496995649052,126.87170741350253,한우,vworld_parcel[A]
1182_오농장,35.97883443128049,126.93304003681111,한우,vworld_parcel[A]
1183_석원농장,35.94489304078107,127.09649424310378,한우,vworld_parcel[A]
1184_소잘커농장,36.0944664629843,126.94829604941505,한우,vworld_parcel[A]
1185_태성2농장,36.070458622027786,127.04495674581486,한우,vworld_parcel[A]
1186_매곡농장,36.12120966177472,126.90247084419596,한우,vworld_parcel[A]
1187_덕진농장,36.04685051470686,126.97392167274137,돼지,vworld_parcel[A]
1188_아빠농장,36.04867683450868,127.02359016436277,한우,vworld_parcel[A]
1189_태현목장,35.96374400574621,126.9055995661185,한우,vworld_parcel[A]
1190_황암농장,35.941132446693125,127.06884674521876,한우,vworld_parcel[A]
1191_농업회사법인(유)삼안팜,36.045559032676294,126.97046780779033,종계/산란계,vworld_parcel[A]
1192_김O묵농장2,36.06178642396287,126.93582430475134,한우,vworld_parcel[A]
1193_대원농장,35.93147782053492,127.0599622479769,한우,vworld_parcel[A]
1194_한길3농장,35.93445736149723,126.89840374610918,한우,vworld_parcel[A]
1195_재옥농장,36.065355439590064,126.92316521064642,한우,vworld_parcel[A]
1196_발산농장,35.947181649826945,127.06260210485326,한우,vworld_parcel[A]
1197_창조한우농장,36.085974120894754,127.01659762422983,한우,vworld_parcel[A]
1198_경원농장,36.03036999736583,126.90457372280619,한우,vworld_parcel[A]
1199_일신축산,36.04510132180974,126.9539986255071,한우,vworld_parcel[A]
1200_박O기농장,36.02687293820321,126.97584344385018,한우,vworld_parcel[A]
1201_2현농장,35.954664425978855,127.08093331813546,한우,vworld_parcel[A]
1202_설아농장,35.93789927699076,126.89872017868846,한우,vworld_parcel[A]
1203_망성1농장,36.11463345343729,127.03197595804421,육계,vworld_parcel[A]
1204_장등농장,36.06956900629555,126.9938365439634,한우,vworld_parcel[A]
1205_백두한우,36.12614325933305,126.95572931882717,한우,vworld_parcel[A]
1206_고센숲용동농장,36.10098554278326,126.97553107553131,육우,vworld_parcel[A]
1207_고센숲 용동2농장,36.098196990564404,126.97628219297695,한우,vworld_parcel[A]
1208_얼룩이농장,36.0722047676003,126.97493607021667,염소,vworld_parcel[A]
1209_용화 농장,36.01309946668704,127.08077205624436,한우,vworld_parcel[A]
1210_기쁨한우2농장,36.09447915025638,126.9738138205924,한우,vworld_parcel[A]
1211_선택농장,36.077789445878274,126.9370366600508,한우,vworld_parcel[A]
1212_광명농장3,36.092662693708405,126.97516911136543,한우,vworld_parcel[A]
1213_준우농장,35.94470760183132,127.06237636954722,한우,vworld_parcel[A]
